name,category,country,city,genre,stream_url,source_url
1.FM - Blues Radio,blues e jazz,Switzerland,,blues,http://strm112.1.fm/blues_mobile_mp3,https://www.1.fm/
181.FM - True Blues,blues e jazz,The United States Of America,,"blues,waynesboro",http://listen.181fm.com/181-blues_128k.mp3,http://www.181.fm/
70 80 90 Vibrazioni Rock Radio,blues e jazz,Canada,,"70s,80s,90s,blues,blues rock,classic rock,pop rock,rock",https://maggie.torontocast.com:2020/stream/vibrazionirockradio,https://radiosuitenetwork.torontocast.stream/vibrazioni-rock-radio/
Blues & Rock Radio,blues e jazz,Ukraine,,"blues,blues rock,hard rock,rock",http://stream.laut.fm/bluesrock,https://laut.fm/bluesrock
Blues Radio,blues e jazz,Greece,,blues,http://cast3.radiohost.ovh:8352/,http://bluesradio.gr/
Exclusively Elvis Presley,blues e jazz,The United Arab Emirates,,"blues,rock",http://streaming.exclusive.radio/er/elvispresley/icecast.audio,https://exclusive.radio/
Exclusively Led Zeppelin,blues e jazz,The United Arab Emirates,,"70s,album rock,arena rock,blues rock,british blues,british metal,classic rock,hard rock,heavy metal,regional blues,rock",https://streaming.exclusive.radio/er-app/ledzeppelin/icecast.audio,https://play.exclusive.radio/
Grolloo Radio,blues e jazz,The Netherlands,,"americana,blues,cajun,country,nederpop,soul",https://uk1.streamingpulse.com/ssl/grollooradio,https://grollooradio.nl/
Jazz Radio Blues,blues e jazz,France,,"blues,jazz",http://jazzblues.ice.infomaniak.ch/jazzblues-high.mp3,http://www.jazzradio.fr/radio/webradio/3/blues
JR Radio,blues e jazz,Croatia,,"blues rock,heavy metal,pop rock,punk,rock",http://stream.zeno.fm/pdkt234k698uv.mp3,https://justrock.webador.com/
laut.fm Sound,blues e jazz,Germany,,"20s,30s,40s,50s,60s,70s,americana,classic country,classic folk,country,country blues,country rock,folk,folk rock,old time radio,oldies",http://stream.laut.fm/sound,http://laut.fm/sound
Louisiana/Swamp/New Orleans Blues - Radio Caprice,blues e jazz,Desconhecido,,"blues,louisiana,new orleans",http://213.141.131.10:8004/louisianablues,http://radcap.ru/louisianablues.html
Radiostorm - Oldies 104,blues e jazz,The United States Of America,,"1950s,1960s,1960s and 1970s,1970s,50s,50s bop rockabilly,60s,60s girl groups,70s,classic rock oldies,classic rock oldies soul,golden oldies,goldies,oldies,oldies 50's/60's,rhythm and blues (1960s randb (eg. the rolling stones))",http://streaming.live365.com/b09584_64aac,http://www.radiostorm.com/
The 1920s Radio Network (MP3),blues e jazz,The United States Of America,,"big band,blues,jazz,swing",http://tess.fast-serv.com:8570/,http://www.the1920snetwork.com/
Virgin Radio Rockstar: Rolling Stones,blues e jazz,Italy,,"blues rock,hard rock,mediaset,rock,rock and roll,rolling stones",https://icy.unitedradio.it/VirginSpecialEvent.mp3,https://www.virginradio.it/sezioni/1855/Music-Star-Rolling-Stones
"WDCB 90.9 ""Jazz & Blues"" Chicago, IL",blues e jazz,The United States Of America,,"blues,chicago,jazz",http://wdcb-ice.streamguys.org/wdcb128,http://wdcb.org/
- 0 N - Klassik on Radio,clássico,Germany,Bayern,"classical,klassik",https://0n-klassik.radionetz.de/0n-klassik.mp3,http://www.0nradio.com/
- 0 N - Movies on Radio,clássico,Germany,Bayern,"classical,movies,musical,soundtrack,soundtracks",https://0n-movies.radionetz.de/0n-movies.mp3,http://www.0nradio.com/
0nlineradio BACH,clássico,Germany,NRW,"bach,classic,classical,klassik,modern classical,symphonic,symphony",https://stream.0nlineradio.com/bach?ref=radiobrowser,https://0nlineradio.com/
0nlineradio HÄNDEL,clássico,Germany,NRW,"classic,classic jazz,classical,classical music,classics,instrumental,klassik",https://stream.0nlineradio.com/haendel?ref=radiobrowser,https://0nlineradio.com/
0nlineradio VIVALDI,clássico,Germany,NRW,"classic,classical,classical music,classics,instrumental,klassik,vivaldi",https://stream.0nlineradio.com/vivaldi?ref=radiobrowser,https://0nlineradio.com/
"0R - BACH - CLASSICAL || Classical, Baroque, Orchestra, Piano, Strings, Chamber Music, Solo Instrument, Sacred, Symphonies, Concertos, Melodic, Calm, Relaxing, Instrumental, Elegant",clássico,Germany,North Rhine-Westphalia,"bach,chamber,classical,instrumental,klassik,orchestral,piano,symphonic,violin",https://0nlineradio.radioho.st/0r-bach?ref=radio-browser26,https://plus.rm.fm/
"0R - CLASSICAL HOTEL LOUNGE - CLASSICAL || Classical, Lounge, Piano, Strings, Elegant, Relax, Instrumental, Calm, Soft, Background, Timeless, Melodic, Sophisticated, Evening, Smooth",clássico,Germany,North Rhine-Westphalia,"ambient,ambient and relaxation music,ambiental,background,chillout+lounge,classic hits,classical,classical music,classics,easy listening,easy music,klassik,lounge,lounge music,orchestral,smooth lounge,timeless",https://0nlineradio.radioho.st/classical-classical-hotel-lounge?ref=radio-browser26,https://plus.rm.fm/
"0R - PIANO CLASSICAL || Klassik, Solopiano, Elegant, Relax, Calm, Instrumental, Melodic, Soft, Meditation, Romantic, Strings, Timeless, Background, Peaceful",clássico,Germany,Berlin,"classical,classical piano,instrumental,klassik,orchestral,piano,piano jazz,piano music,solo piano,timeless,timeless music",https://0nlineradio.radioho.st/classical-classical-piano?ref=radio-browser26,https://plus.rm.fm/
"0R - ROMANTIC PIANO || Piano, Romantic, Soft, Classical, Ballads, Love, Calm, Relaxing, Slow, Instrumental, Evening, Peaceful, Background, Melodic, Gentle",clássico,Germany,North Rhine-Westphalia,"ambient,background,classical piano,easy listening,instrumental,jazz,klassik,musica romantica,piano,restaurant,romantic,romantic music,smooth jazz",https://0nlineradio.radioho.st/piano-romantic-piano?ref=radio-browser26,https://plus.rm.fm/
__KLASSIK__ by rautemusik (rm.fm),clássico,Germany,North Rhine-Westphalia,"classic,classic hits,classical,klassik",https://klassik-high.rautemusik.fm/?ref=radiobrowser,https://www.rm.fm/klassik
BR 4 Klassik,clássico,Germany,Bayern,klassik,https://f131.rndfnk.com/ard/br/brklassik/live/mp3/128/stream.mp3?cid=01FBPVP3KY4W2XZ9KV8N032855&sid=3CilnRyo4kqto0LFMR4WRROhFF8&token=53BN2DzcXd9d3Ncns82BtAJZCg2kFLtBg4ypxeeot8A&tvf=xY0gt1nPqBhmMTMxLnJuZGZuay5jb20,https://www.br.de/index.html
EPIC CLASSICAL - Classical Background Music,clássico,Germany,north rhine westphalia,"chill,chillout,classic,classic jazz,classical,classical music,jazz,klassik,piano,relax,smooth jazz,violin",https://stream.epic-classical.com/classical-background-music,https://epic-classical.com/
EPIC CLASSICAL - Classical Coffee Bar,clássico,Germany,north rhine westphalia,"ambient,ambient and relaxation music,ambiental,chillout,classic,classical,klassik,relax",https://stream.epic-classical.com/classical-coffee-bar,https://epic-classical.com/
EPIC CLASSICAL - Classical Dinner,clássico,Germany,north rhine westphalia,"ambient,chillout,classical,classical piano,jazz,klassik,lounge,piano,synth",https://stream.epic-classical.com/classical-dinner,https://epic-classical.com/
EPIC CLASSICAL - Classical Fairy Tales,clássico,Germany,north rhine westphalia,"classic,classic hits,classical,disney,fairytales,klassik,radio disney",https://stream.epic-classical.com/classical-fairy-tales,https://epic-classical.com/
EPIC CLASSICAL - Classical Guitar,clássico,Germany,north rhine westphalia,"ambient,classic,classical,classical guitar,guitar,klassik,relax,relaxing",https://stream.epic-classical.com/classical-guitar,https://epic-classical.com/
OPUS 94 94.5 (CDMX) - 94.5 FM - XHIMER-FM - IMER - Ciudad de México,clássico,Mexico,Ciudad de México,"94.5 fm,cdmx,ciudad de méxico,classical,clásica,entretenimiento,español,estación,fm,imer,instituto mexicano de la radio,mexico city,moi merino,music,méxico,música,música barroca,música clásica,música clásica romántica,música coral,música de arte contemporánea,música de concierto,opera,opus,opus 94,programas en vivo,radio,valle de méxico",https://securestreams7.autopo.st/?uri=https://s2.mexside.net/8016/stream,https://www.imer.mx/opus/
OPUS 94: Travesía Sonora,clássico,Mexico,Ciudad de México,"94.5 fm,américa,cdmx,ciudad de méxico,classical,clásica,entretenimiento,español,estación,fm,imer,instituto mexicano de la radio,latinoamérica,mexico city,moi merino,music,méxico,música,música barroca,música clásica,música clásica romántica,música coral,música de arte contemporánea,música de concierto,norteamérica,opera,opus,opus 94,programas en vivo,radio,valle de méxico",https://securestreams7.autopo.st/?uri=https://s2.mexside.net/8016/stream,https://www.imer.mx/opus/
Reformatorische omroep,clássico,The Netherlands,Unknown,classical,http://ro1.reformatorischeomroep.nl:8003/live,https://www.radio-browser.info/info/station/202b568c-7641-4ed9-8ce9-6109d3de14e4
100 BEST IBIZA DEEP HOUSE,eletrônica e dance,Canada,Ontario,"chill,chill house,chillout,chillout+lounge,club dance,club house,community radio,dance,deep,deep house,electronic,fm,high quality audio,hits,house,music,news,public radio,radio,soulful house",https://stream.zeno.fm/lwv6zqgtv1dtv,https://zeno.fm/radio/100-best-ibiza-deep-house-/
100 NU-DISCO CENTRAL RADIO,eletrônica e dance,Italy,Roma,"club dance,clubbing,community radio,dance,dance hits,disco,electronic,euro disco,fm,high quality audio,hits,italo disco,music,nu disco,public radio,radio",https://stream.zeno.fm/jqhhzffjynbuv,https://zeno.fm/radio/100-nu-disco-central-radio/
70s 80s 90s RdMix Network,eletrônica e dance,Canada,Ontario,"00's,00s,192kbps,1970s,1980s,1990s,70's,70s,80's,80s,90's,90s,charts,classic hits,classic rock,dance,entretenimiento,fm,high quality audio,hits,local news,local radio,misc,music,musica,news,oldies,ontario,pop,pop music,pop rock,public radio,radio,rock,talk,top 100,top hits,top40,toronto,webradio",https://cast1.torontocast.com:1830/stream,https://radiodimensionemix.torontocast.stream/
90S DANCE by Mix: Dance de los 90,eletrônica e dance,Mexico,Ciudad de México,"acir,acir online,bailable,cdmx,ciudad de méxico,club dance,clásicos,clásicos en inglés,dance,dance music,dance radio online,edm,electronic,electronic beats,electronic dance music,electronic music,entretenimiento,español,estación,eurodance,grupo acir,iheart,iheart radio,mexico city,mix,mix fm,moi merino,music,music only,música,música del recuerdo,música electrónica,música en inglés,oldies,online,online only,radio,radio online,retro,valle de méxico",https://playerservices.streamtheworld.com/api/livestream-redirect/ACIR11_s01AAC.aac,https://www.iheart.com/live/90s-dance-by-mix-8052/
"BBC RADIO 1 DANCE UK: The biggest current, future and classic dance vibes. Londres, Inglaterra",eletrônica e dance,Mexico,N/A,"bbc,bbc radio 1,bbc radio 1 dance,club dance,dab+,dance,dance music,edm,electronic dance music,england,english,entretenimiento,estación,europa,europe,inglaterra,juvenil,london,londres,moi merino,music,música,música en inglés,public,public radio,public service,pública,radio,radio pública,reino unido,uk,united kingdom",http://151.80.56.90:8090/bbc_radio_one_dance.aac,https://www.bbc.co.uk/sounds/play/live/bbc_radio_one_dance
"BBC RADIO 1 DANCE: The biggest current, future and classic dance vibes",eletrônica e dance,The United Kingdom Of Great Britain And Northern Ireland,London,"bbc,bbc radio 1,bbc radio 1 dance,club dance,dab+,dance,dance music,edm,electronic dance music,england,english,entertainment,europe,london,moi merino,music,public,public radio,public service,radio,uk,united kingdom",http://151.80.56.90:8090/bbc_radio_one_dance.aac,https://www.bbc.co.uk/sounds/play/live/bbc_radio_one_dance
BEAT: Total Music,eletrônica e dance,Mexico,Ciudad de México,"100.9 fm,américa,beat,cdmx,ciudad de méxico,club dance,club dance electronic house trance,dance,dance music,edm,edm radioshows,electro,electro house,electronic,electronic beats,electronic dance music,electronic music,electrónica,estación,fm,latinoamérica,mexico city,music,música,música electrónica,música en inglés,norteamérica,nrm comunicaciones,radio,valle de méxico",https://playerservices.streamtheworld.com/api/livestream-redirect/XHSONFMAAC.aac,https://beatdigital.mx/
"CAPITAL ANTHEMS UK: The Songs Capital Made Famous - Londres, Inglaterra",eletrônica e dance,Mexico,N/A,"capital,dance,england,entretenimiento,estación,europa,europe,global radio,inglaterra,juvenil,london,londres,moi merino,music,música,música en inglés,música pop,pop,pop en inglés,pop music,pop rock,radio,uk,united kingdom",https://media-ssl.musicradio.com/CapitalAnthemsMP3,https://www.globalplayer.com/live/capitalanthems/uk/
CAPITAL ANTHEMS: The Songs Capital Made Famous,eletrônica e dance,The United Kingdom Of Great Britain And Northern Ireland,London,"capital,dance,england,europe,global radio,london,moi merino,music,pop,pop music,pop rock,radio,uk,united kingdom,youth",https://media-ssl.musicradio.com/CapitalAnthemsMP3,https://www.globalplayer.com/live/capitalanthems/uk/
CAPITAL DANCE: The UK's Official Dance Station,eletrônica e dance,The United Kingdom Of Great Britain And Northern Ireland,London,"capital,capital dance,dab+,dance,dance music,edm,electronic dance music,england,entertainment,europe,global radio,london,moi merino,music,radio,uk,united kingdom",https://media-ssl.musicradio.com/CapitalDance,https://www.capitaldance.com/
"CAPITAL DANCE: The UK's Official Dance Station - Londres, Inglaterra",eletrônica e dance,Mexico,N/A,"capital,capital dance,dab+,dance,dance music,edm,electronic dance music,england,entretenimiento,estación,europa,europe,global radio,inglaterra,juvenil,london,londres,moi merino,music,música,música en inglés,radio,uk,united kingdom",https://media-ssl.musicradio.com/CapitalDance,https://www.capitaldance.com/
"DIGITAL 106.5 (Zacatecas) - 106.5 FM - XHLK-FM - Grupo Radiofónico ZER - Zacatecas, Zacatecas",eletrônica e dance,Mexico,"Zacatecas, Zacatecas","106.5 fm,américa,digital,entretenimiento,español,estación,fm,grupo radiofónico zer,grupo zer,juvenil,latin pop,latino,latinoamérica,moi merino,music,méxico,música,música en español e inglés,música pop,música urbana,norteamérica,pop,pop dance,pop en español e inglés,pop latino,pop music,pop rock,radio,top,top 100,top 40,top 40 hits,top charts,top hits,zacatecas,zacatecas city",https://cast.zuperdns.net/8020/stream/,https://grupozer.mx/portada.php?id=801
"DJ & CLUB CHARTS ---> Club Classics, Festival-Hits, Remixes, Single Charts, Mashups, DJ Sets, Club Edits, Dancefloor, Underground, Nightlife, Party Anthems, Ibiza, Miami, Clubbing, Festival, Remix, Mashup, DJ, EDM,  RAVE, Dance, Urban, Latin, Beachclub, Lounge",eletrônica e dance,Germany,Bavaria,"#bewirbdich!,#mashup,beach,best music,brandnew,charts,chillout+lounge,club,clubbing,community radio,dance smashes,dj,dj remix,dj sets,edm,edm radioshows,hard techno,hiphop,hits,hot ac,houseparty,ibiza,ibiza classics,ibiza club,lounge,mashup,minimal techno,non-stop music,party,partycharts,promodj,radio,rave,remixed,singlecharts,sunset,tech house,techno,top 100,top 40,top charts,top hits,underground,urban",https://breakz-2012-high.rautemusik.fm/?ref=rb-djclubcharts,https://breakz.fm/trackliste/
"NEUERSCHEINUNGEN - Radio Charts - DJ Charts - Club Charts - Top 100 - Top 40 Club - Pop, Hip-Hop, Dance, EDM, House, Techno, R&B, Trap, Reggaeton, Afrobeat, Indie-Pop, Tropical House, Future Bass, Electro Swing, Synthwave, Deep House, Progressive House, Vocal House, DJ Sets, Remix, Mashup, Dancefloor, Festival-Hits, Club-Hits, Nightlife, Underground.",eletrônica e dance,Germany,North Rhine-Westphalia,"chillout,club,club dance,dj,dj sets,electro sets,electronic dance music,future bass,house,ibiza,mashup,non-stop music,pop,pop dance,pop music,promodj,radiocharts,remixes,soul,sunset,tech house,techhouse,top 100,top 40,top charts,top club,top hits,top100,top40",https://breakz-high.rautemusik.fm/?ref=rb-neuerscheinungen,https://www.breakz.fm/
RdMix DJSET 70s 80s 90s,eletrônica e dance,Canada,Ontario,"1970s,1980s,1990s,70's,70er,70s,70s disco,80's,80er,80s,90's,90er,90s,anni 70,anni 80,anni 90,classic hip hop,classic hits,classic hits 60s 70a 80s,club house,dance,dance music,dance pop,dancefloor,disco,disco funk,discomusic 70,discomusic 80,dj,dj mix,dj mixes,dj remix,dj sets,electronic,euro disco,eurodance,fm,funky,funky 70,goldies,high quality audio,hip-hop and rap oldies,hits,house,italo disco,music,music 70s 80s 90s,musica,musica anni 70,musica anni 80,oldies,oldschool,pop,pop music,public radio,radio,rap,studio 54,techno,vintage music,vintage radio",https://cast1.torontocast.com:4560/stream,https://radiodimensionemix.torontocast.stream/
RdMix Italo Disco 80s,eletrônica e dance,Canada,Ontario,"1980,1980s,1980s hits,80's,80er,80s,anni 80,classic hits,club dance,club hits,dance,dance music,dance pop,disco,dj,dj mix,dj mixes,dj remix,electronic,fm,hits,italo dance,italo disco,italo-disco,italy,local radio,mixed,music,musica,musica anni 80,oldies,pop,pop dance,pop music,public radio,radio,radio anni 80,the best of 80's",https://cast1.torontocast.com:2130/stream,https://radiodimensionemix.torontocast.stream/
0nlineradio GOSPEL,gospel,Germany,North Rhine-Westphalia,"christian-gospel,gospel,gospel music,gospel pop,southern gospel",https://stream.0nlineradio.com/gospel?ref=radiobrowser,https://0nlineradio.com/
1.FM - Acappella Radio,gospel,Switzerland,,gospel,http://strm112.1.fm/acpl_mobile_mp3,http://www.1.fm/
1.FM - All Times & Urban Gospel Radio,gospel,Switzerland,,gospel,http://strm112.1.fm/gospel_mobile_mp3,http://www.1.fm/
104.1 Favour FM - Gulu - 104.1 FM,gospel,Uganda,,"christian,gospel,religious",http://us5new.listen2myradio.com:2199/listen.php?port=8138&type=ice&mount=stream,https://www.favourfm.org/
104.1 Favour FM - Gulu - 104.1 FM (MP3),gospel,Uganda,,"christian,gospel",http://us5new.listen2myradio.com:2199/listen.php?port=8138&type=ice&mount=stream,https://www.favourfm.org/
104.1 FM Redentor,gospel,Puerto Rico,,"gospel,religious",https://livestreamcdn.net:2000/stream/Redentor104.1FM/stream,https://facebook.com/104.1Redentor
104.3 Hallelujah FM,gospel,The United States Of America,Luverne AL,gospel,https://stream.revma.ihrhls.com/zc4892,https://1043hallelujahfm.iheart.com/
107.5 simplesmente diferente,gospel,Brazil,Joinville - SC,gospel music,https://cast2.youngtech.radio.br/radio/8290/radio,https://1075fm.com.br/
181.FM - Christmas Gospel,gospel,The United States Of America,Virginia,"christmas music,gospel,waynesboro",http://listen.181fm.com/181-xgospel_128k.mp3,http://www.181.fm/
24 Horas Rádio,gospel,The United Kingdom Of Great Britain And Northern Ireland,,"gospel,religion,variety",http://94.23.159.187:9958/;stream.mp3,http://www.24horasradio.com/
24.7PraiseRadio,gospel,The United States Of America,Louisiana,"baton rouge,christian,gospel,inspiration,praise,urban gospel,worship",https://s4.radio.co/s7bd982a3e/listen,https://www.247praiseradio.co/
3ABN Australia Radio,gospel,Australia,New South Wales,gospel,https://stream.3abnaustralia.org.au:8443/stream,https://www.3abnaustralia.org.au/
3ABN Radio,gospel,The United States Of America,Illinois,gospel,https://war.streamguys1.com:7185/live,https://3abn.org/
3ABN Radio Music Channel,gospel,The United States Of America,Illinois,gospel,https://war.streamguys1.com:7185/MC01,https://3abn.org/
"540 Radio Zion (Tijuana) - 540 AM - XESURF-AM - Zion Multimedia - Tijuana, Baja California",gospel,Mexico,"Tijuana, Baja California","540 am,am,américa,baja california,california,christian,christian contemporary,christian music,christian talk,christian-gospel,christmas music,contemporary christian,cristian,cristiana,cristianas,cristiano,español,estación,latinoamérica,mensajes cristianos,moi merino,musica cristiana,méxico,música religiosa,norteamérica,programas en vivo,radio,radio cristiana,radio zion,religion,religiosa,religious,religión,religous,san diego,spanish christian,tijuana,zion multimedia",http://zionmultimedia.live/radio/8010/radio.mp3,https://radiozion540.com/
777 FM,gospel,The United States Of America,,"christian,gospel",http://777fm.stream.laut.fm/777fm?pl=pls&t302=2026-01-15_02-53-49&uuid=2a801de6-ab29-4fe6-9794-0edd04f26329,https://laut.fm/777fm
940 Gospel Radio,gospel,The United States Of America,"Florida, Miami",christian-gospel,https://servidor26-5.brlogic.com:7088/live,https://940gospelradio.com/
"ESTÉREO VIDA 93.1 (Ciudad del Carmen) - 93.1 FM - XHPEBS-FM - Ciudad del Carmen, Campeche",gospel,Mexico,"Ciudad del Carmen, Campeche","93.1 fm,américa,campeche,ciudad del carmen,cristiana,español,estación,fm,gospel,latinoamérica,moi merino,méxico,música cristiana,música religiosa,norteamérica,radio,religious,sureste",https://stream.zeno.fm/5y45gqtbcchvv,https://emisoraenvivo.com/mx/radio-estereo-vida-ciudad-del-carmen
"RADIO ZION 540 (Tijuana) - 540 AM - XESURF-AM - Zion Multimedia - Tijuana, Baja California",gospel,Mexico,"Tijuana, Baja California","540 am,am,américa,baja california,california,christian,christian contemporary,christian music,christian talk,christian-gospel,christmas music,contemporary christian,cristian,cristiana,cristianas,cristiano,español,estación,latinoamérica,mensajes cristianos,moi merino,musica cristiana,méxico,música religiosa,norteamérica,radio,radio cristiana,religion,religiosa,religious,religión,religous,san diego,spanish christian,tijuana,zion multimedia",http://zionmultimedia.live/radio/8010/radio.mp3,https://radiozion540.com/
# 70s 80s 90s RdMix Network,pop rock,Canada,Ontario,"00's,00s,192kbps,1970s,1980s,1990s,70's,70s,80's,80s,90's,90s,charts,classic hits,classic rock,dance,entretenimiento,fm,high quality audio,hits,local news,local radio,misc,music,musica,news,oldies,ontario,pop,pop music,pop rock,public radio,radio,rock,talk,top 100,top hits,top40,toronto,webradio",https://cast1.torontocast.com:1830/stream,https://radiodimensionemix.torontocast.stream/
"ADN 92.1 (Saltillo) - 92.1 FM - XHPEFQ-FM - Alas Para Las Palabras, A.C. - Saltillo, Coahuila",pop rock,Mexico,"Saltillo, Coahuila","92.1 fm,adn,américa,coahuila,concesión social,entretenimiento,español,estación,fm,hiphop,juvenil,latinoamérica,moi merino,music,méxico,música,música electrónica,música en español e inglés,música pop,norteamérica,pop,pop en español e inglés,pop music,pop rock,radio,reggaetón,rock en inglés,saltillo,social",https://streamingcwsradio30.com/8322/stream,https://www.adnradio.com.mx/
ALFA: Donde Todo Nace,pop rock,Mexico,Ciudad de México,"91.3 fm,alfa,américa,cdmx,ciudad de méxico,contemporary hits,contemporary hits radio,entretenimiento,español,estación,fm,grupo radio centro,hits,juvenil,latinoamérica,mexico city,moi merino,music,méxico,música,música en inglés,música pop,norteamérica,pop,pop en inglés,pop music,pop rock,radio,top hits,valle de méxico,éxitos",https://playerservices.streamtheworld.com/api/livestream-redirect/XHFAJ_FMAAC.aac,https://alfaenlinea.com/
"AMOR  91.7 (Xalapa) - 91.7 FM - XHOZ-FM - Quatro Media - Xalapa, Veracruz",pop rock,Mexico,"Xalapa, Veracruz","91.7 fm,amor,amor sólo música romántica,américa,balada,balada en español,balada pop,balada romántica,baladas,baladas en español,clásicos en español,entretenimiento,español,estación,fm,la hora de luis miguel,music,méxico,música,música del recuerdo,música en español,música pop,música variada,pop en español,pop music,pop rock,quatro media,radio,romántica,romántica y femenina,románticas,sólo música romántica,veracruz,xalapa",https://streaming.servicioswebmx.com/8126/stream,https://amor917xalapa.com/
"AMOR 100.1 (Mérida) - 100.1 FM - XHYU-FM - Grupo SIPSE Radio - Mérida, Yucatán",pop rock,Mexico,"Mérida, Yucatán","100.1 fm,amor,amor sólo música romántica,américa,balada,balada en español,balada pop,balada romántica,baladas,baladas en español,entretenimiento,español,estación,fm,grupo sipse,grupo sipse radio,latinoamérica,moi merino,music,mérida,méxico,música,música en español,música pop,música romántica,norteamérica,pop,pop en español,pop music,pop rock,radio,sureste,sólo música romántica,yucatán",https://webprod.sipse.com.mx:8080/amor,https://www.iheart.com/live/amor-1001-merida-8723/
"AMOR 103.1 (León) - 103.1 FM - XHXF-FM - Grupo ACIR - León, Guanajuato",pop rock,Mexico,"León, Guanajuato","103.1 fm,acir,amor,amor sólo música romántica,américa,balada,balada en español,balada pop,balada romántica,baladas,baladas en español,entretenimiento,español,estación,fm,grupo acir,guanajuato,iheart,iheart radio,la hora de luis miguel,la nueva amor,latin pop,latinoamérica,león,moi merino,music,méxico,música,música en español,música pop,norteamérica,pop,pop en español,pop music,pop rock,radio,romántica,romántica y femenina,románticas,sólo música romántica",https://14993.live.streamtheworld.com:443/XHXFAAC.aac,https://www.iheart.com/live/amor-1031-leon-8107/
AMOR SOLO POP: Pop y baladas en español,pop rock,Mexico,Ciudad de México,"acir,acir online,amor,amor sólo música romántica,américa,balada,balada en español,balada pop,balada romántica,baladas,baladas en español,cdmx,ciudad de méxico,entretenimiento,español,estación,grupo acir,iheart,iheart radio,internet station,latinoamérica,mexico city,moi merino,music,méxico,música pop,música romántica,norteamérica,online,online only,pop,pop music,pop rock,radio,radio online,romantic,romantic music,romántica,románticas,sólo música romántica,valle de méxico",https://playerservices.streamtheworld.com/api/livestream-redirect/ACIR03_s01AAC.aac,https://www.iheart.com/live/amor-solo-pop-8044/
"ARROBA FM 101.1 (Hermosillo) - 101.1 FM - XHVSS-FM - Radiorama Sonora - Hermosillo, Sonora",pop rock,Mexico,"Hermosillo, Sonora","101.1 fm,@fm,@fm te conecta,américa,arroba fm,arroba fm te conecta,contemporary hits radio,entretenimiento,español,estación,fm,juvenil,latinoamérica,moi merino,music,méxico,música,música en español e inglés,música pop,música y noticias,norteamérica,pop,pop en español e inglés,pop music,pop rock,radio,radiorama,radiorama sonora,te conecta,top,top 100,top 40,top charts,top hits",https://stream.freepi.io/8402/live,https://www.arroba.fm/Hermosillo
EXA FM: En Todas Partes Ponte Exa,pop rock,Mexico,N/A,"93.3 fm,boca del río,entretenimiento,español,estación,exa,exa fm,fm,juvenil,la estación exacta,la estación naranja,latinoamérica,moi merino,music,mvs,mvs noticias,mvs radio,méxico,música,música en español e inglés,música pop,música variada,música y noticias,norteamérica,ponte exa,pop,pop en español,pop en español e inglés,pop latino,pop music,pop rock,radio,veracruz,veracruz city",https://playerservices.streamtheworld.com/api/livestream-redirect/XHPSFMAAC.aac,https://www.exafm.com/
IHEARTRADIO POP: Éxitos en inglés,pop rock,Mexico,Ciudad de México,"acir,acir online,américa,cdmx,ciudad de méxico,entretenimiento,español,estación,grupo acir,iheart,iheart radio,juvenil,latinoamérica,mexico city,moi merino,music,méxico,música,música pop,norteamérica,online,online only,only music,pop,pop dance,pop en inglés,pop music,pop rock,radio,radio online,valle de méxico,youth",https://playerservices.streamtheworld.com/api/livestream-redirect/ACIR31_s01AAC.aac,https://www.iheart.com/live/iheartradio-pop-8167/
LOS40: La Radio de los Conciertos,pop rock,Mexico,Ciudad de México,"101.7 fm,américa,cdmx,ciudad de mexico,ciudad de méxico,contemporary hits radio,entretenimiento,español,estación,fm,juvenil,latinoamérica,los40,moi merino,music,méxico,música,música en español e inglés,música pop,música y noticias,norteamérica,pop,pop en español e inglés,pop music,pop rock,prisa radio,radio,radiópolis,televisa radio,top 40,top 40 hits,valle de méxico",https://playerservices.streamtheworld.com/api/livestream-redirect/LOS40_MEXICOAAC.aac,https://www.los40.com.mx/
LOVE FM: All You Need Is Love,pop rock,Mexico,"Veracruz, Veracruz","103.7 fm,amor sólo música romántica,américa,boca del río,clásicos,clásicos en español,entretenimiento,español,estación,fm,grupo radiosa,latinoamérica,love,love fm,moi merino,music,música,música en español,música romántica,norteamérica,pop,pop clásico,pop en español,pop music,pop rock,radio,radio sa,retro hits,sólo música romántica,veracruz,veracruz city",https://mdstrm.com/audio/66a01759c5aa2b85d66b5933/live.m3u8,https://maxplay.com.mx/radios/love-veracruz-1037-fm/
"MATCH: ¡Más Pop, Conéctate!",pop rock,Mexico,Ciudad de México,"99.3 fm,acir,américa,cdmx,ciudad de méxico,entretenimiento,español,estación,fm,grupo acir,hits,iheart,iheart radio,juvenil,latinoamérica,match,moi merino,music,méxico,música,música en inglés,música pop,norteamérica,pop,pop en inglés,pop music,pop rock,radio,top,top 40,top charts,top hits,valle de méxico,éxitos",https://27283.live.streamtheworld.com:443/XHPOPFMAAC.aac,https://matchmx.fm/
MIX EN VIVO: Rock y pop en vivo,pop rock,Mexico,Ciudad de México,"80s,80s live radio,90s,acir,acir online,américa,cdmx,ciudad de méxico,classic rock,classic rock; alternative rock indie,en vivo,entretenimiento,español,estación,grupo acir,iheart,iheart radio,indie rock,latinoamérica,live,live concert,live music,live rock,mexico city,mix,mix en vivo,mix fm,moi merino,méxico,norteamérica,online,online only,pop,pop en inglés,pop music,pop rock,radio,radio online,rock,rock en inglés,valle de méxico",https://playerservices.streamtheworld.com/api/livestream-redirect/ACIR09_s01AAC.aac,https://www.iheart.com/live/mix-en-vivo-8050/
NEW CENTURY by Match: Pop y rock del nuevo siglo,pop rock,Mexico,Ciudad de México,"acir,acir online,cdmx,ciudad de méxico,entretenimiento,español,estación,grupo acir,hit music only,hits,iheart,iheart radio,juvenil,latinoamérica,mexico city,moi merino,music,music only,méxico,música,música en inglés,música pop,new century,norteamérica,online,online only,only music,pop,pop dance,pop en inglés,pop music,pop rock,radio,radio online,valle de méxico,éxitos",https://playerservices.streamtheworld.com/api/livestream-redirect/ACIR04_s01AAC.aac,https://www.iheart.com/live/new-century-8045/
"Radio Disney 94.3 - Buenos Aires, Argentina",pop rock,Argentina,Ciudad de Buenos Aires,"94.3 fm,américa,argentina,buenos aires,disney,entretenimiento,español,estación,familia,family,fm,juvenil,latinoamérica,moi merino,música,música en español e inglés,música pop,pop,pop en español e inglés,pop music,pop rock,radio,radio disney,suramérica,top 40,top charts,top hits",https://playerservices.streamtheworld.com/api/livestream-redirect/DISNEY_ARG_BA_ADP.aac,https://ar.radiodisney.com/
RADIO DISNEY: Te Llega,pop rock,Mexico,Ciudad de México,"92.1 fm,américa,cdmx,ciudad de méxico,disney,entretenimiento,español,estación,familia,familiar,fm,grupo siete,hits,juvenil,latinoamérica,mexico city,moi merino,méxico,música,música en español e inglés,música pop,norteamérica,pop,pop en español e inglés,pop music,pop rock,radio,radio disney,top hits,valle de méxico",https://playerservices.streamtheworld.com/api/livestream-redirect/XHFOFMAAC.aac,https://mx.radiodisney.com/
"ROCK EN ESPAÑOL: Rock de México, España y Argentina",pop rock,Mexico,Ciudad de México,"80s,80s en español,90s,acir,acir online,américa,cdmx,ciudad de méxico,clásicos,clásicos en español,entretenimiento,español,estación,grupo acir,iheart,iheart radio,latinoamérica,mexico city,moi merino,méxico,música,música en español,norteamérica,online,online only,pop rock,radio,radio online,rock,rock en español,rock music,valle de méxico",https://29309.live.streamtheworld.com:443/ACIR20_S01AAC.aac,https://www.iheart.com/live/rock-en-espanol-8061/
VOX: Radio Hits,pop rock,Mexico,Ciudad de México,"760 am,am,américa,cdmx,ciudad de méxico,entretenimiento,estación,grupo radio cañón,latinoamérica,mexico city,moi merino,music,méxico,música,música del recuerdo,música en español,música pop,norteamérica,pop,pop en español,pop music,pop rock,radio,radiópolis,valle de méxico,vox,vox fm,vox love station,vox radio hits",https://streamingcwsradio30.com/8292/vox,https://radiocanon.com.mx/estaciones/vox-760/
# RdMix Classic Rock 70s 80s 90s,rock,Canada,Ontario,"60s,60s and 70s.,70's,70er,70s,80's,80er,80s,90's,90er,90s,blues,blues rock,classic blues,classic hits,classic hits 60s 70a 80s,classic rock,classic rock  50's 60's 70's 80's 90's,classic rock music,classic rock oldies,classic rock oldies soul,classic rock; alternative rock indie,country,entretenimiento,fm,hard rock,high quality audio,hits,local radio,melodic hard rock,music,music 70s 80s 90s,musica,oldies,pop rock,public radio,radio,real classic rock,rhythm and blues,rock,soft rock",https://cast1.torontocast.com:4610/stream,https://radiodimensionemix.torontocast.stream/
1LIVE,rock,Germany,North Rhine-Westphalia,"ard,public radio,rock,top 40,wdr",http://wdr-1live-live.icecast.wdr.de/wdr/1live/live/mp3/128/stream.mp3,https://einslive.de/
80s80s Radio,rock,Germany,N/A,"80s,new wave,pop,rock",http://regiocast.streamabc.net/regc-80s80smweb2517500-mp3-192-1672667?sABC=69687n9o%230%23r30o443r1929r059s085628511796n57%23&aw_0_1st.playerid=&amsparams=playerid:;skey:1768454811,https://www.80s80s.de/streams/80s80s
BBC Radio 6 Music,rock,The United Kingdom Of Great Britain And Northern Ireland,english,"alternative,blues,dance,eclectic,electronic,experimental,funk,grime,hip hop,house,indie,jazz,metal,pop,punk,r&b,reggae,rock,ska,soul,techno,world",http://as-hls-ww-live.akamaized.net/pool_81827798/live/ww/bbc_6music/bbc_6music.isml/bbc_6music-audio%3d320000.norewind.m3u8,https://www.bbc.co.uk/sounds/play/live:bbc_6music
Convoy en vivo,rock,Mexico,Ciudad de México,"classic rock,latin music,rock",https://live.convoynetwork.com/stream,http://convoynetwork.com/
Europe 2,rock,France,french,pop rock,http://europe2.lmn.fm/europe2.mp3,https://www.europe2.fr/
FM4 | ORF | HQ,rock,Austria,Vienna,"orf,alternative mainstream,electronic,pop,rock,public radio",https://orf-live.ors-shoutcast.at/fm4-q2a,https://fm4.orf.at/
Hard Rock Radio FM,rock,The United States Of America,NY,"80's,90's,hard rock,heavy metal",http://67.249.184.45:8015/,https://hardrockradiofm.weebly.com/
Hit FM (UKraine) - 128kb/s,rock,Ukraine,Kiev,"dance,pop,rock",http://195.95.206.17/HitFM,http://www.hitfm.ua/
Music Radio,rock,France,N/A,"chillout,chillout+lounge,club house,cool jazz,disco funk,easy listening,easy music,electronic,entertainment,funk,funky,funky house,hits,house,jazz,música pop,new releases,nu-jazz,piano jazz,pop dance,pop en español e inglés,pop en inglés,pop music,pop rock,popular,smooth jazz,soulful house,tech house,top hits",https://radio.musicradio.ai/listen/musicradio.ai/radio.mp3,https://musicradio.ai/
Power POP,rock,Türkiye,turkish,"00s,70s,80s,90s,pop,rock",https://listen.powerapp.com.tr/powerpop/128/chunks.m3u8,https://www.powerapp.com.tr/powerpop/
Radio Eins,rock,Germany,Berlin,"adult contemporary,alternative,ard,information,pop,public radio,rbb,rock,talk",http://f121.rndfnk.com/ard/rbb/radioeins/live/mp3/128/stream.mp3?cid=01FC1WH12KJ93TCQPDSE2E5PZ9&sid=38HoeEhwMU9ZjQaArYLcNuLu9LN&token=VXH8C52tOJ6o_G5uLXexxjt84DXyHGfH0RABfQljedk&tvf=8PpblQ7uihhmMTIxLnJuZGZuay5jb20,http://www.radioeins.de/
RFM POP-ROCK,rock,France,french,"chansons françaises,pop,pop rock,rock",https://stream.rfm.fr/rfm-wr10.aac,http://www.rfm.fr/programmes/les-webradios
Rock Antenne,rock,Germany,Bavaria,rock,http://mp3channels.webradio.rockantenne.de/rockantenne,http://www.rockantenne.de/
ROCK FM,rock,The Russian Federation,russian,"classic rock,pop rock,rock",http://nashe1.hostingradio.ru/rock-128.mp3,http://www.rockfm.ru/
RTL2,rock,France,french,"pop,rock",http://streamer-02.rtl.fr/rtl2-1-44-128,https://www.rtl2.fr/
SWR3,rock,Germany,Baden-Württemberg,"news,pop,rock",https://liveradio.swr.de/sw282p3/swr3/play.mp3,https://swr3.de/
Virgin Radio Türkiye,rock,Türkiye,turkish,pop rock,http://29103.live.streamtheworld.com/VIRGIN_RADIO_SC,http://www.virginradioturkiye.com/
97 FM Natal,sertanejo,Brazil,Rio Grande do Norte,"arrocha,forró,forró e sertanejo,pisadinha,pop,sertanejo,vaquejada",https://azevedo.jmvstream.com/stream,https://97fmnatal.com.br/
"BH FM 102,1 MHz ZYC690 (Belo Horizonte - MG)",sertanejo,Brazil,Minas Gerais,"funk,internacional,nacional,pagode,pop,samba,sertanejo",https://playerservices.streamtheworld.com/api/livestream-redirect/BHFMAAC.aac,https://bhfm.globo.com/
Brahma FM,sertanejo,Brazil,Goias,sertanejo,https://casthttps1.suaradionanet.net/13385/stream,https://www.brahma.com.br/brahma-fm
capital fm,sertanejo,Brazil,PR,sertanejo,https://sonicpanel.oficialserver.com:7024/,https://www.radios.com.br/aovivo/radio-capital-1027-fm/11171
Casa dos Caipiras,sertanejo,Brazil,São Paulo,"caipira,moda de viola,sertanejo raiz,viola",https://8758.brasilstream.com.br/stream,https://casadoscaipiras.com.br/
"Clube FM 96,5 MHz ZYC692 (Belo Horizonte - MG)",sertanejo,Brazil,Minas Gerais,"internacional,nacional,samba,sertanejo",https://8112.brasilstream.com.br/stream,https://clube.fm/
"Conquista FM 97,7 Sertaneja",sertanejo,Brazil,Minas Gerais,"country,sertanejo",https://rrdns-megasistema.webnow.com.br/conquista.mp3,https://www.conquistafm.com.br/
Cultura FM 104.9 MHz ZYC799 (Uberaba - MG),sertanejo,Brazil,Minas Gerais,"música popular brasileira,sertanejo raiz",https://8571.brasilstream.com.br/stream,https://radioculturauberaba.com.br/
Educadora AM 1060 Piracicaba,sertanejo,Brazil,São Paulo,"local news,news,sertanejo,sertanejo raiz",http://streaming.ntelecom.com.br:8518/,https://educadora1060.com.br/
FM Vale Verde,sertanejo,Brazil,São Paulo,"música pop,sertanejo",https://f100.fabricahost.com.br/fmvaleverde?f=1768453284N01KF00F8HFSQAN97PZR80Z3KPF&tid=01KF00F8HF1RY165S7GNASV2VS,https://www.fmvaleverde.com.br/
Fronteira FM 97.1,sertanejo,Brazil,Rio Grande do Sul,"hits,pop,rock,sertanejo",https://sonicpanel.oficialserver.com/9992/stream,https://radiofronteirafm.com.br/
Hunter FM - Hits Brasil,sertanejo,Brazil,Distrito Federal,"sertaneja,sertanejo",https://live.hunter.fm/hitsbrasil_normal,https://hunter.fm/
"Jovem Pan 98.3 - Taubaté, SP",sertanejo,Brazil,"Taubaté, SP","adult contemporary,pop,sertanejo,the seven best,top 40",http://shout35.crossradio.com.br:8012/,https://jovempan.com.br/afiliada/taubate-fm
Liberdade 92.9 (Belo Horizonte - MG),sertanejo,Brazil,Minas Gerais,sertanejo,http://srv40.brasilstream.com.br:8335/stream,https://radioliberdade.com.br/
Manchester FM 93.3,sertanejo,Brazil,N/A,"sertanejo,sertanejo raiz",https://ssl1.transmissaodigital.com:20440/stream,https://www.radiomanchester.com.br/fm/
"Massa FM 101,1 (Ponta Grossa - PR)",sertanejo,Brazil,PR,"pop music,pop rock,sertanejo,sertanejo raiz",https://live.virtualcast.com.br/massapontagrossa,https://massa.com.br/massa-fm-ponta-grossa/
MGT CLÁSSICOS SERTANEJOS,sertanejo,Brazil,Brasil,mgt sertanejo clássicos,https://cast.mgtradio.net/radio/8000/aac,https://www.mgtradio.net/
MGT SERTANEJO UNIVERSITÁRIO,sertanejo,Brazil,Brasil,"brasil,sertanejo,universitário",https://cast.mgtradio.net/radio/8020/aac,https://www.mgtradio.net/
"Minas FM 104,1 MHz (Divinópolis - MG)",sertanejo,Brazil,Minas Gerais,"brazilian music,misc,sertanejo",https://minasfmaac.jmvstream.com/stream,https://www.radiominasfm.com.br/
NBC FM - Rádio Comunitária de Nova Brasília - Imbituba/SC,sertanejo,Brazil,Santa Catarina,"esportes,futebol,gauchesca,local news,noticias,sertanejo",https://radio02.zas.media/proxy/nbcfm/stream,https://www.nbcfm.com.br/
Newton Bello FM,sertanejo,Brazil,Maranhão,"ecletica,forró,radio comunitaria,sertanejo",https://stm1.voxnovo.com.br:7010/stream,https://radionewtonbellofm.com.br/
Noroeste FM,sertanejo,Brazil,São Paulo,sertanejo,https://stream.zeno.fm/jdet3xofeifvv,https://sites.google.com/view/noroestefm
Nossa Sertaneja FM 99.7 MHz ZYN130 (Barbacena - MG),sertanejo,Brazil,Minas Gerais,"nacional,sertanejo",https://radio.audiosolutions.tech:8110/barbacena,https://nossasertaneja.com.br/
Radio Amigos do Sertanejo,sertanejo,Brazil,Sao Paulo (Brazil),sertanejo raiz,https://stm4.voxhd.com.br:7086/,https://adosertanejo.wixsite.com/meusite
Radio Amigos do Sertanejo,sertanejo,Brazil,Sao Paulo (Brazil),sertanejo raiz,https://stm10.voxhd.com.br:7846/,https://adosertanejo.wixsite.com/meusite
Radio Clube FM Rio Claro,sertanejo,Brazil,Sao Paulo (Brazil),hits sertanejo pagode,https://r11.ciclano.io/proxy/radiojo1/stream,https://radioclube.fm.br/
Radio Grande FM,sertanejo,Brazil,Piauí,"brega,forró,local news,sertanejo",https://stm21.srvaudio.com.br:9634/stream,https://grandepicos.com.br/
Radio Liberdade 92.9 (Belo Horizonte - MG),sertanejo,Brazil,Minas Gerais,sertanejo,https://8335.brasilstream.com.br/stream,https://radioliberdade.com.br/
Radio Prata FM,sertanejo,Brazil,São Paulo (SP),"local news,sertanejo",https://r15.ciclano.io/proxy/radiopr2/stream,https://radiopratafm.com.br/
Radio Terra 1330,sertanejo,Brazil,N/A,sertanejo raiz,https://cloud1.cdnseguro.com:16020/stream,https://pt.m.wikipedia.org/wiki/R%C3%A1dio_Terra
Radio Viva,sertanejo,Brazil,Rio Grande do Sul,"gauchesca,sertaneja,sertanejo raiz",https://r6.ciclano.io/proxy/viva945/stream,https://radioviva.com.br/
Rainha 89fm,sertanejo,Brazil,Bahia,"forro,popular,sertanejo",https://streaming.livespanel.com:8990/stream,https://rainha89fm.com/
Rádio 105 FM - Rondonópolis,sertanejo,Brazil,Rondonópolis,"flashback,música pop,sertanejo",https://s01.brascast.com:9914/live,https://click105.com.br/
Rádio 89.3 FM Imbituba,sertanejo,Brazil,Santa Catarina,"brega,esportes,forró,gauchesca,local news,mpb,noticias,sertanejo,sports",https://live.paineldj.com.br/proxy/radiofm89f?mp=/stream,https://www.ouvir89.com.br/
Rádio A Sertaneja,sertanejo,Brazil,MG,"sertaneja,sertanejo raiz",https://s2.tgastream.com.br:17992/stream?1771935274316,https://pulsi.webradiosite.com/
Rádio Almenara FM,sertanejo,Brazil,Minas Gerais,sertanejo,https://8247.brasilstream.com.br/stream?rand=DRo5m,https://radioalmenarafm.com.br/
Rádio Arauto 95.7 FM,sertanejo,Brazil,Rio Grande do Sul,"jazz,música popular brasileira,sertanejo raiz",https://icecast.loopert.com/113,https://portalarauto.com.br/
Rádio Band 106.7 FM,sertanejo,Brazil,Sao Paulo,"pagode,popular,samba,sertanejo",https://stm2.xcast.com.br:11264/stream,https://www.bandfmcampinas.com/
Rádio Buteco Sertanejo,sertanejo,Brazil,São Paulo,"country music,moda de viola,modao,musica romantica,radio online,sertaneja,sertanejo,sertanejo raiz",https://stream.zeno.fm/6kumndewqbruv,https://www.radiobutecosertanejo.com/
Rádio Café Viola,sertanejo,Brazil,Minas Gerais Brasil,"sertaneja,sertanejo,sertanejo raiz",https://stm6.xcast.com.br:9328/;?1685284162874,https://radiocafeviola.com.br/
"Rádio Capital do Papel 101,9 FM",sertanejo,Brazil,PR,"pop music,sertanejo,sertanejo raiz",https://5a57bda70564a.streamlock.net/capitaldopapelpr/capitaldopapelpr.stream/playlist.m3u8,https://www.radiocapitaldopapel.com.br/
Rádio Cidade Maracaju 104.3 FM,sertanejo,Brazil,Mato Grosso do Sul,"chamame,ecletic,hits,sertanejo,sertanejo raiz",https://servidor33-5.brlogic.com:7078/live,https://radiocidademaracaju.com.br/
Rádio Difusora de Imbituba 100.3 FM,sertanejo,Brazil,Santa Catarina,"brega,esportes,gauchesca,local news,mpb,notícias,sertanejo",http://r13.ciclano.io:8927/stream,https://www.instagram.com/difusorafm100.3imbituba/
rádio Digital,sertanejo,Brazil,N/A,forró e sertanejo,http://stm1.tcmcast.com.br:7050/,https://webradiodigitalfm.com.br/
Rádio Disney 91.3 FM,sertanejo,Brazil,Sao Paulo (Brazil),"jovem,pop rock,sertanejo",https://playerservices.streamtheworld.com/api/livestream-redirect/DISNEY_BRA_SP.mp3,http://www.disney.com.br/radio/
"Rádio Educadora 102,9 FM",sertanejo,Brazil,"Montes Claros, MG, Brazil","musica brasileira,sertanejo,sertanejo raiz",https://servidor40.brlogic.com:8252/live,https://educadoramoc.com/
Rádio Forró,sertanejo,Brazil,N/A,"forro,forró,forró e sertanejo",https://stm5.painelcast.com:7600/stream,http://toligado.net.br/
Rádio Grande Vale 93.1 FM,sertanejo,Brazil,Minas Gerais,"brazilian music,brazilian pop,sertanejo",https://sonicpanel.oficialserver.com:7004/;stream.nsv&type=ac+,http://www.grandevalefm.com.br/
Rádio Itapoá Fácil,sertanejo,Brazil,N/A,"brazilian music,comedy music,folk,folk brasileiro,forró,gaúcha,itapoá,mpb,música animada,música autoral,música brasileira,música divertida,música gaúcha,música humorística,música independente,música popular,música regional,novelty music,paródia,pop brasileiro,regional brazilia,santa catarina,sertanejo,vaneira,vanerão,xote",https://cast5.hoost.com.br:8175/stream,https://itapoafacil.com.br/radio/
Rádio Itay 88.7 FM,sertanejo,Brazil,PR,"pop music,sertanejo,sertanejo raiz",https://stm1.streamproarte.com.br:7530/stream,https://radioitay.com.br/
Rádio Jambeiro 104.9 FM,sertanejo,Brazil,São Paulo,"popular,sertanejo,sertanejo raiz",https://cast4.hoost.com.br:20010/stream,https://www.jambeirofm.com.br/
"Rádio Líder 87,9 FM",sertanejo,Brazil,Mato Grosso do Sul,"ecletica,pop,radio comunitaria,sertanejo",https://9182.brasilstream.com.br/stream,https://www.liderfmonline.com.br/
Rádio Líder web Paraopeba,sertanejo,Brazil,MG,sertanejo raiz,http://stm2.brasilcast.xyz:6744/,https://www.radioliderparaopeba.com.br/
"Rádio Marabá FM 93,9",sertanejo,Brazil,Mato Grosso do Sul,"chamame,ecletic,hits,sertanejo,sertanejo raiz",https://rvn01.painelstream.net:9274/,https://www.marabafm.com.br/
Rádio Mix 87.9 FM,sertanejo,Brazil,São Paulo,"pop,sertanejo",https://stm12.xcast.com.br:9454/stream,https://www.mix879.com.br/
Rádio Modão MT,sertanejo,Brazil,Mato Grosso,"brasil,brazilian music,sertanejo",http://stm1.matutos.com.br:11356/stream,https://www.radiomodaomt.com.br/
"Rádio Mundi 99,3 FM",sertanejo,Brazil,PR,"jazz,pop music,sertanejo,sertanejo raiz",https://ice.fabricahost.com.br/mundifm,https://mundifm.com.br/
Rádio Nascente 87.5 FM,sertanejo,Brazil,São Paulo,"popular,sertanejo raiz",https://servidor38.brlogic.com:7116/live,http://www.radionascente.com.br/
Rádio Nativa 93.7 FM Irecê - BA,sertanejo,Brazil,Bahia,"forró,sertanejo",http://stm3.srvif.com:7128/stream?1716397382938=,https://tudoradio.com/player/radio/5226-nativa-fm
Rádio Riacho FM - O Amor da Cidade,sertanejo,Brazil,Pernambuco,"brega,entrevistas,forro,funk,gospel,sertanejo,sertanejo raiz,soul",https://stm23.srvaudio.com.br:10974/stream,https://www.radioriachofm.com/
Rádio SB 106.3 FM,sertanejo,Brazil,São Paulo,"popular,sertanejo",https://s02.taaqui.org:9004/live,http://www.sb106.com.br/
Rádio Sertaneja,sertanejo,Brazil,N/A,sertanejo,https://stm5.painelcast.com:7584/stream,https://toligado.net.br/
Rádio Sertaneja Raiz,sertanejo,Brazil,Sao Paulo (Brazil),"sertaneja,sertanejo,sertanejo raiz",http://station.radionanet.com:8330/stream?1713376151781,http://www.radiosertanejaraiz.com.br/
Rádio Sertaneja Top,sertanejo,Brazil,MG,"sertaneja,sertanejo raiz",https://radiosertanejatop.stream.laut.fm/radiosertanejatop?1771935991274,https://laut.fm/radiosertanejatop
Rádio São Francisco Anápolis - 97.7FM,sertanejo,Brazil,Goiás,"notícias,sertanejo",https://cast.hoost.com.br:20150/stream,https://radiosaochico.com.br/
"Rádio T 105,3 FM Ponta Grossa - PR",sertanejo,Brazil,PR,"pop music,sertanejo,sertanejo raiz",https://s1.mediacp.com.br:8984/stream,https://www.radiot.fm/
Rádio Transamérica 100.1 FM,sertanejo,Brazil,PR,"música pop,sertanejo,sertanejo raiz",https://playerservices.streamtheworld.com/api/livestream-redirect/RT_SPAAC.aac,https://transamericafm.com.br/
Rádio Tropical Diamantina,sertanejo,Brazil,Mi,sertanejo,https://stm22.voxhd.com.br:9904/,https://radiotropicaldiamantina.siteweb.net.br/
Rádio Web Clube Sertanejo,sertanejo,Brazil,"Itaperuna, Rio de Janeiro","sertaneja,sertanejo,sertanejo raiz",https://s42.maxcast.com.br:8180/live?_ts=1779664758220,https://radiowebclubesertanejo.com/
Sertaneja 106.7,sertanejo,Brazil,São Paulo,"country,sertanejo",https://sc4s.cdn.upx.com:8067/stream,https://www.106sertaneja.com.br/
Studio FM 99.1,sertanejo,Brazil,Santa Catarina,sertanejo,https://paineldj.com.br:20055/stream,https://www.studiofm.com.br/
Sucesso FM 100.5 Brasília/DF,sertanejo,Brazil,Distrito Federal,sertanejo,https://sucessonews.brasilstream.com.br/hls/sucessonews/index.m3u8,https://sucessonewsbsb.com.br/
"Sucesso FM 88,3",sertanejo,Brazil,Rio de Janeiro,"brasil,funk,nova friburgo,pagode,pop,rio de janeiro,sertanejo",https://servidor36.brlogic.com:8300/live?1696916321806,https://sucessofm.com.br/
Super Rádio Paraibuna 105.9 FM,sertanejo,Brazil,São Paulo,"popular,sertanejo",http://09.stmip.net:9122/stream,http://www.superparaibunafm.com.br/
Supersom FM 97.1 MHz ZYC813 (Uberaba - MG),sertanejo,Brazil,Minas Gerais,"música popular brasileira,sertanejo",https://9790.brasilstream.com.br/stream,http://www.radiosupersom.com.br/
Top Mais Web Rádio,sertanejo,Brazil,São Paulo (SP),"pop music,sertanejo",https://hts09.brascast.com:13158/live,https://www.topmaiswebradio.com.br/
VINTAGE SERTÃO,sertanejo,Brazil,Sao Paulo (Brazil),sertanejo raiz,https://servidor16.brlogic.com:7022/live,https://www.sistemavintage.com/
Web Rádio Doval,sertanejo,Brazil,"Fortaleza, Ceará","dance,forró,sertanejo",https://stm9.voxhd.com.br:13288/,https://aureliolimanews.com.br/
WEB RÁDIO MEGA DIGITAL,sertanejo,Brazil,São Paulo,"pop,sertanejo",https://tgaurl.com.br/megadigital,https://radiomegadigital.net.br/
Web Rádio Prep Maré,sertanejo,Brazil,MG,"sertaneja,sertanejo raiz",https://sv15.hdradios.net:8898/stream?1771935689650,https://www.prepmare.webradios.net/
ABC Radio National,variedades e notícias,Australia,Sydney,"News, Talk, Public",https://live-radio01.mediahubaustralia.com/RNW/mp3/,https://www.abc.net.au/radionational
BBC World Service,variedades e notícias,United Kingdom,London,"News, Talk, Public",https://stream.live.vc.bbcmedia.co.uk/bbc_world_service,https://www.bbc.co.uk/sounds/play/live:bbc_world_service
CBC Radio One,variedades e notícias,Canada,Toronto,"News, Talk, Public",https://cbc_r1_tor.akamaized.net/hls/live/2033159/CBC_R1_TOR/master.m3u8,https://www.cbc.ca/radio
Deutsche Welle (DW) Live,variedades e notícias,Germany,Bonn,"News, Public",https://dwstream3.akamaized.net/hls/live/2015525/dwstream3/index.m3u8,https://www.dw.com/
NPR News and Culture,variedades e notícias,United States,Washington D.C.,"News, Talk, Public",https://npr-icecast.streamguys1.com/live.mp3,https://www.npr.org/
Radio Argentina (AM 870),variedades e notícias,Argentina,Buenos Aires,"News, Public",https://sw.radionacional.com.ar:8443/lra1.mp3,https://www.radionacional.com.ar/
Radio France Info,variedades e notícias,France,Paris,"News, Information, Public",https://franceinfo.stream.radiofrance.fr/franceinfo-midfi.mp3,https://www.francetvinfo.fr/
Radio Nacional de Colômbia,variedades e notícias,Colombia,Bogotá,"News, Culture, Public",https://радиоплеер.рф/stream/radionacionalcolombia,https://www.radionacional.co/
Radio Romania Actualitati,variedades e notícias,Romania,Bucharest,"News, Public",https://live.srr.ro:8443/actualitati128.mp3,https://www.romania-actualitati.ro/
Radio Suisse Romande (RTS Espace 2),variedades e notícias,Switzerland,Lausanne,"Culture, Varieties, Public",https://rts-space2.icecast.net/rts-space2-128k.mp3,https://www.rts.ch/
RAI Radio 1,variedades e notícias,Italy,Rome,"News, Talk, Public",https://icstream.rai.it/radio1.mp3,https://www.raiplayradio.it/radio1
RNE Radio Nacional,variedades e notícias,Spain,Madrid,"News, Talk, Public",https://rtve-live.flumotion.com/rtve/radio1.mp3,https://www.rtve.es/radio/radionacional/
RTP Antena 1,variedades e notícias,Portugal,Lisbon,"News, Talk, Public",https://stream.sapo.pt/antena1/audio.mp4,https://www.rtp.pt/antena1/
RTÉ Radio 1,variedades e notícias,Ireland,Dublin,"News, Talk, Public",https://icecast1.rte.ie/radio1,https://www.rte.ie/radio1/
Sveriges Radio P1,variedades e notícias,Sweden,Stockholm,"News, Public",https://sverigesradio.se/topsy/sound/sra-p1-mp3.mp3,https://sverigesradio.se/p1
Yle Radio 1,variedades e notícias,Finland,Helsinki,"News, Culture, Public",https://yleradiolive.akamaized.net/hls/live/2022718/yle_radio_1/master.m3u8,https://yle.fi/aihe/yle-radio-1
