name,category,country,city,genre,stream_url,logo_url,source_url
Rádio Mix 106.3 FM,Brasil • Português • Hard Rock,Brazil,Sao Paulo,"chr,pop-rock,youth",https://playerservices.streamtheworld.com/api/livestream-redirect/MIXFM_SAOPAULOAAC.aac,https://img.radios.com.br/radio/lg/radio13955_1720711597.png,https://aovivo.radiomixfm.com.br/
89 FM A Rádio Rock Goiânia,Brasil • Português • Hard Rock,Brazil,Goiás,"classic rock,hard rock,rock",https://ice.fabricahost.com.br/89aradiorockgo,https://89goiania.com.br/wp-content/uploads/2024/07/icone_89.png,https://89goiania.com.br/
Radio Jovem Pan 99.1 FM Belo Horizonte,Brasil • Português • Hard Rock,Brazil,Minas Gerais,"90s,pop,rock",https://8062.brasilstream.com.br//stream?origem=jovem_pan_site,https://s.jpimg.com.br/wp-content/themes/jovempan/assets/build/images/favicons/favicon-32x32.png,https://jovempan.com.br/afiliada/bh-fm
89 A Radio Rock,Brasil • Português • Hard Rock,Brazil,São Paulo,"alternative rock,rock",https://playerservices.streamtheworld.com/api/livestream-redirect/RADIO_89FM_ADP.aac?dist=site-89fm,,https://www.radiorock.com.br/
Jovem Pan FM - Florianópolis - SC,Brasil • Português • Hard Rock,Brazil,Santa Catarina,"chr,contemporary hits radio,dance,electronic dance music,jovem,jovem pan,pop,pop rock,top 40",https://live.paineldj.com.br/proxy/jfloripa?mp=/stream,https://jpimg.com.br/uploads/2024/02/avatar-florianopolis-rgb-500x500.png,https://jovempan.com.br/afiliada/floripa-fm
Kiss FM - 92.5 - São Paulo,Brasil • Português • Hard Rock,Brazil,São Paulo,rock,https://26593.live.streamtheworld.com/RADIO_KISSFM_ADP.aac,,https://kissfm.com.br/aovivo/
Rádio Cidade - Rio de Janeiro - 102.9 FM - ZYD462,Brasil • Português • Hard Rock,Brazil,Rio de Janeiro,"brazilian rock,classic rock,hot adult contemporary,soft rock",https://playerservices.streamtheworld.com/api/livestream-redirect/RADIOCIDADEAAC.aac,,https://radiocidade.fm/
Bons Tempos FM,Brasil • Português • Hard Rock,Brazil,,"nostalgia,nostalgic,rock,romantic",https://server02.ouvir.radio.br:8050/stream?1609720768800,https://static.radios.com.br/img/apple-touch-icon.png,https://www.radios.com.br/aovivo/bons-tempos-fm/37027
Rádio Studio Flashback,Brasil • Português • Hard Rock,Brazil,Minas Gerais,"00's,00s,2000's,2000s,70's,70s,80's,80s,90's,90s,adult contemporary,adult hits,classic hits,classic rock,classics,flash back,flashback,love songs,new classics,oldies,pop,romantic",https://stream-163.zeno.fm/6gv76f1xruquv?zs=SvdWy-tsTtCXPZ9IZC0ASA,https://pbs.twimg.com/media/GE7jNgZWQAEcxNb?format=png&name=240x240,https://studioflashback.com.br/
012 Rock News,Brasil • Português • Hard Rock,Brazil,Sao Paulo (Brazil),,http://9881.brasilstream.com.br/stream,https://www.012news.com.br/wp-content/uploads/2022/07/novo-logo1.png,https://www.012news.com.br/
Rede Grauna FM,Brasil • Português • Hard Rock,Brazil,Bahia,"brasil,local news,mpb,música popular brasileira,pop rock,various",https://centova11.ipstm.net:20032/stream,,https://www.graunafm.com.br/
"Massa FM 101,1 (Ponta Grossa - PR)",Brasil • Português • Hard Rock,Brazil,PR,"pop music,pop rock,sertanejo,sertanejo raiz",https://live.virtualcast.com.br/massapontagrossa,https://tudoradio.com/img/uploads/radios/radio_massafmpontagrossa.png,https://massa.com.br/massa-fm-ponta-grossa/
BR - The Classic Rock,Brasil • Português • Hard Rock,Brazil,Minas Gerais,"classic rock,hard rock,heavy metal,oldies,rock",https://stream.zeno.fm/nbq1aq62gd0uv,https://cdn.onlineradiobox.com/img/l/5/94775.v6.png,https://radiorockfm.com.br/br
"Jovem pan 100,9 FM feira de Santana",Brasil • Português • Hard Rock,Brazil,Bahia,"jovem,pop rock",https://8046.brasilstream.com.br/stream,https://www.radios.com.br/aovivo/radio-jovem-pan-1009-fm/13358,https://jovempan.com.br/afiliada/feiradesantana-fm
Jovem Pan FM - Brasília - DF - 106.3,Brasil • Português • Hard Rock,Brazil,Distrito Federal,"contemporary hits radio,jovem,jovem pan,pop,pop rock,top 40",https://shout25.crossradio.com.br:18022/1,https://jpimg.com.br/uploads/2022/12/afiliadas-brasilia-106.3-500x500.jpg,https://jovempan.com.br/afiliada/brasilia-fm
Radio AnimeNight,Brasil • Português • Hard Rock,Brazil,,"90s,anime,j-pop,japanese,japanese anime soundtracks game jpop vgm ost,japanese music,jpop,pop,rock",https://stm16.voxhd.com.br:10374/app128,https://www.animenight.com.br/logo.png,https://www.animenight.com.br/
98 Rock,Brasil • Português • Hard Rock,Brazil,Minas Gerais,rock,https://8185.brasilstream.com.br/stream,,https://rede98.com.br/
91 Rock - Curitiba (web),Brasil • Português • Hard Rock,Brazil,Parana,"brazilian rock,rock",http://servidor40.brlogic.com:8044/live,,https://91rock.com.br/
Só Cacarecos - Classic Rock,Brasil • Português • Hard Rock,Brazil,Rio de Janeiro,"classic rock,progressive rock,soft rock",http://sokakarecos.ddns.net:9030/rock128,,http://sokakarecos.com/
98 ROCK BRASIL,Brasil • Português • Hard Rock,Brazil,,,https://stm41.stmsrv.com:16614/stream?type=http&nocache=1897905694,https://cdn.stmsrv.com/multi/16614/logo_r1dbkqc.png,https://98rock.com.br/
Itapema 102.3 FM,Brasil • Português • Hard Rock,Brazil,Rio Grande do Sul,"blues,classic rock,jazz,rock,soft rock",https://liverd102fm.rbsdirect.com.br/primary/ita_poa.sdp/chunklist_0ac85862-caaa-446f-93bf-3e12816c36a0.m3u8,,https://1023.clicrbs.com.br/#!/home
Dixie Rebel,Brasil • Português • Hard Rock,Brazil,São Paulo,"blues rock,classic rock,rock & roll",https://servidor36.brlogic.com:8572/live,,https://www.dixierebel.com.br/
89FM Radio Rock,Brasil • Português • Hard Rock,Brazil,São Paulo,rock,https://playerservices.streamtheworld.com/api/livestream-redirect/RADIO_89FM_ADP.aac,,https://www.radiorock.com.br/
Rádio Bla Rock,Brasil • Português • Hard Rock,Brazil,São Paulo,classic rock,https://s12.maxcast.com.br:8086/live,,https://www.radiobla.com.br/
Mundo Livre FM,Brasil • Português • Hard Rock,Brazil,Curitiba,alternative rock,https://playerservices.streamtheworld.com/api/livestream-redirect/MUNDOLIVRE_CWBAAC_64.aac,https://mundolivrefm.com.br/wp-content/uploads/2021/10/27122403/cropped-mundo-livre-logo-180x180.jpg,https://mundolivrefm.com.br/
Rádio Ziggy - Rock Brasil (MP3),Brasil • Português • Hard Rock,Brazil,Minas Gerais,"brazilian music,rock",http://stream.zeno.fm/0y68rshdreruv,https://i.ibb.co/fYN5mfBr/94405-v2.jpg,https://ziggywebradio.wixsite.com/radioziggy
RADIO520,Brasil • Português • Hard Rock,Brazil,,"classic rock,country pop,dance music,pop rock,sports news",https://stm7.xcast.com.br:9182/index,,https://www.radio520.com.br/
Rádio Atlântida 94.3 FM - Porto Alegre,Brasil • Português • Hard Rock,Brazil,Rio Grande do Sul,"brazilian music,classic rock,rock,world music",https://playerservices.streamtheworld.com/api/livestream-redirect/RBS_RADIOSAAC.m3u8,https://upload.wikimedia.org/wikipedia/pt/5/53/Logotipo_da_Rede_Atl%C3%A2ntida.PNG,https://atl.clicrbs.com.br/
107 FM Tatuí,Brasil • Português • Hard Rock,Brazil,Sao Paulo,"local news,news,noticias,pop,rock",https://f108.fabricahost.com.br/107fm?f=1768440014N01KEZKTA1M1TPDQW0KTF63Z481&tid=01KEZKTA1MJQM48EZ7NP81GYVW,"https://static.wixstatic.com/media/37804f_ed9032a0826e40efa33fefcbf9fb882b~mv2.png/v1/fill/w_141,h_237,al_c,q_85,usm_0.66_1.00_0.01,enc_auto/logo.png",https://www.107fm.net/
Radio Putzgrila,Brasil • Português • Hard Rock,Brazil,Rio Grande do Sul,"alternative rock,classic rock,rock n roll",https://stream.ouveai.com.br/proxy/putzgrila?mp=/stream,,https://radioputzgrila.com.br/site/
EldoPop FM,Brasil • Português • Hard Rock,Brazil,Rio de Janeiro,"hard rock,progressive rock",http://stm10.srvstm.com:34794/stream,http://eldopopfm.com/admin/assets/img/favicon.jpg,http://eldopopfm.com/
Radio Amigos do Rock Nacional,Brasil • Português • Hard Rock,Brazil,Sao Paulo (Brazil),,https://stm10.voxhd.com.br:7846/,https://www.wix.com/favicon.ico,https://leonelapantonellij.wixsite.com/website-3
Rock Classic Bits,Brasil • Português • Hard Rock,Brazil,"Santa Catarina, SC","blues,blues rock,classic rock,rock en español,soft rock",http://stm25.xcast.com.br:6862/,,https://gilbertohart.wixsite.com/rock-classic-bits
Rádio Escola de Rádio,Brasil • Português • Hard Rock,Brazil,Rio de Janeiro,"brazilian music,mpb,music school,pop,rio de janeiro,rock",https://radio.escoladeradio.com.br/listen/radio_er/radio.mp3,https://www.escoladeradio.com.br/radio-icon-512.png,https://www.escoladeradio.com.br/radio
Ipe,Brasil • Português • Hard Rock,Brazil,Brasília,"death metal,doujin,edm,idm,jpop,metal,symphonic metal",http://152.53.178.148:6670/,,https://0x45.pw/
Rádio Cidade,Brasil • Português • Hard Rock,Brazil,Rio de Janeiro,"brazilian music,contemporary,pop,rock",http://playerservices.streamtheworld.com/api/livestream-redirect/RADIOCIDADEAAC.aac,https://radiocidade.fm/favicon.ico,https://radiocidade.fm/
Progressive Earth Radio,Brasil • Português • Hard Rock,Brazil,São Paulo,progressive rock,http://sv10.hdradios.net:6674/;,https://img.radios.com.br/radio/lg/radio170330_1608747125.jpg,http://www.progressiveworldradio.com/
Rádio Brasil 2000,Brasil • Português • Hard Rock,Brazil,Sao Paulo (Brazil),rock,https://stm11.srvstm.com:6798/stream,https://brasil2000fm.com.br/wp-content/uploads/2025/03/cropped-FAVICON-2-192x192.jpg,https://brasil2000fm.com.br/
Fan FM Aracaju,Brasil • Português • Hard Rock,Brazil,SE,"mpb,pop,rock",http://08.stmip.net:7114/,https://redefanfm.com.br/wp-content/uploads/2023/07/favicon.jpg,https://redefanfm.com.br/
Jovem pan são jose dos campos,Brasil • Português • Hard Rock,Brazil,"são jose dos campos, são paulo","2000s,2010s,90s,noticias,rock",https://r15.ciclano.io/proxy/radiomu1/stream,https://encrypted-tbn0.gstatic.com/images?q=tbn:ANd9GcQlALeBErv6OLhaMLhA0hYXVdz6JhM7drb5_Q&s,https://radiosaovivo.net/jovem-pan-fm-sao-jose-dos-camp/
Progsky,Brasil • Português • Hard Rock,Brazil,Rio de Janeiro,progressive rock,https://cc4.streammaximum.com:20017/stream,https://www.progsky.com/wp-content/uploads/2024/08/LOGOBALANCE.png,https://www.progsky.com/
"Jovem pan 107,5 FM Belém",Brasil • Português • Hard Rock,Brazil,Pará,"jovem,pop rock,top 40",https://radio01.zas.media/8038/stream,https://www.radios.com.br/aovivo/radio-jovem-pan-1075-fm/266119,https://jovempan.com.br/afiliada/belem-fm#
Rádio Disney 91.3 FM,Brasil • Português • Hard Rock,Brazil,Sao Paulo (Brazil),"jovem,pop rock,sertanejo",https://playerservices.streamtheworld.com/api/livestream-redirect/DISNEY_BRA_SP.mp3,https://images.app.goo.gl/fNFY7gv7C3w9dwtWA,http://www.disney.com.br/radio/
Rádio Joli Beatles,Brasil • Português • Hard Rock,Brazil,São Paulo,classic rock,https://stream.zeno.fm/3hgez706e3quv?zs,https://img.radios.com.br/radio/lg/radio111501_1560523801.png,https://zeno.fm/JoliBeatles
Kero Rock,Brasil • Português • Hard Rock,Brazil,Rio Grande do Sul,"classic rock,rock",https://stm1.painelwshost.com.br:7012/,https://www.kerorock.com.br/public/60326-2023-05-11.png,https://www.kerorock.com.br/
Jovem Pan FM Campinas - 89.9,Brasil • Português • Hard Rock,Brazil,Sao Paulo (Brazil),"pop,rock",https://paineldj5.com.br:20028/stream,,https://jovempan.com.br/afiliada/campinas-fm
Beatles 4 Ever (MP3),Brasil • Português • Hard Rock,Brazil,,"classic rock,the beatles",http://stream.zeno.fm/ygdk890mug0uv,https://i.ibb.co/cSxC9QGC/image-2.webp,http://www.beatles4ever.br/
RST Radio Rock,Brasil • Português • Hard Rock,Brazil,Parana,"hard rock,progressive rock",https://servidor37-1.brlogic.com:8100/live,https://public-rf-upload.minhawebradio.net/113/fbplayer/7eb6b35b003a5c561f99df3588822931.jpg,https://rstradiorock.com.br/
Rock na Teia,Brasil • Português • Hard Rock,Brazil,Sao Paulo (Brazil),rock,http://s19.maxcast.com.br:8182/live,https://static.wixstatic.com/media/1cf649_94d7175b59cc43d4ba0c0c9b9a025dac%7emv2.png/v1/fill/w_180%2ch_180%2clg_1%2cusm_0.66_1.00_0.01/1cf649_94d7175b59cc43d4ba0c0c9b9a025dac%7emv2.png,https://www.rocknateia.com.br/
Ouro Verde FM Easy 105.5,Brasil • Português • Hard Rock,Brazil,Parana,"brasil,brazilian music,classic hits,curitiba,ouro verde,paraná,pop,pop rock",https://8522.brasilstream.com.br/stream,https://ouroverdefm.com.br/wp-content/uploads/2022/11/favicon-150x150.png,https://ouroverdefm.com.br/
Rádio Cidade - Classic Rock,Brasil • Português • Hard Rock,Brazil,Rio de Janeiro,classic rock,http://playerservices.streamtheworld.com/api/livestream-redirect/CLASSICROCK_S01AAC_64.aac,https://radiocidade.fm/player/img/classic-rock.svg,https://radiocidade.fm/player/index.php
Metal Heads,Brasil • Português • Hard Rock,Brazil,,"hard rock,metal,rock",https://hts01.brascast.com:9194/live,https://spaceks.net/sites/metalheads.com.br/images/logo/logo.png,https://metalheads.com.br/
Venenos do Rock,Brasil • Português • Hard Rock,Brazil,Rio Grande do Sul,"60's,70's,classic rock,obscure",https://stream.zeno.fm/dy417tqqmd0uv,,https://zeno.fm/venenosdorock/
Rádio Lost,Brasil • Português • Hard Rock,Brazil,Santa Catarina,"pop,reggae,rock",http://srv1.uaihost.audio:7026/,,https://www.radiolost.com.br/
Rádio Ziggy - Blues Rock (MP3),Brasil • Português • Hard Rock,Brazil,Minas Gerais,"blues rock,heavy metal",http://stream.zeno.fm/apph08p9hqzuv,https://i.ibb.co/KxjnmpNy/85131-v4.png,https://ziggywebradio.wixsite.com/radioziggy
Aquele Rock,Brasil • Português • Hard Rock,Brazil,São Paulo,,https://azura.servercast.com.br/listen/radio_leandro/radio.mp3?refresh=1744219941974,https://www.aquelerock.com/wp-content/uploads/2023/01/cropped-cropped-fav-32x32.jpg,https://www.aquelerock.com/
Radio Fox Rock,Brasil • Português • Hard Rock,Brazil,Sorocaba - SP (Brazil),"classic rock,hard rock,rock nacional",http://09.stmip.net:8422/stream,"https://assets.zyrosite.com/cdn-cgi/image/format=auto,w=192,h=192,fit=crop,f=png/lmlCSC2fKUDUkNiK/logo-fox-87-7-fm-p5eve2j6xeu8b7ou3adhud11qrj8spjjyqnznyr600-YrD14kKjvxTVOVP3.png",https://radiofoxrock.com.br/
Lightness of Rock,Brasil • Português • Hard Rock,Brazil,Rio Grande do Sul,"blues,folk,progressive rock,psychedelic rock",https://stream.zeno.fm/n0dt87vrnd0uv,,https://zeno.fm/lightnessrock/
97 Rock Web Radio,Brasil • Português • Hard Rock,Brazil,SP ,"alternative,rock,rock-pop",http://euroticast5.euroti.com.br:8094/stream?1696889015855,,https://www.97rockwebradio.com/
ELEKTRA RADIO,Brasil • Português • Hard Rock,Brazil,Rio de Janeiro,"'synthpop',breaks,electro,freestyle,indie rock,miami bass,new retro wave",https://cast3.hoost.com.br:8952/stream,https://www.elektraradio.com/files/2026/01/logo_elektra_raio_03_mini-1.png,https://www.elektraradio.com/
Rádio Mundo Rock,Brasil • Português • Hard Rock,Brazil,,,https://servidor32-2.brlogic.com:7320/live?source=website,https://public-rf-upload.minhawebradio.net/161648/cover/1b01a8dd82b5d2d33e7c97c77ec0e8a3.png,https://radiomundorock.com/
Nova Onda FM,Brasil • Português • Hard Rock,Brazil,São Paulo,"music,oldies,pop music,pop rock",https://ice.fabricahost.com.br/novaondafm,https://novaondafm.com.br/wp-content/uploads/2023/04/Nova-Onda-logo-colorido-300x169.png,https://novaondafm.com.br/
Jovem Pan FM - Blumenau - SC,Brasil • Português • Hard Rock,Brazil,Santa Catarina,"brazilian pop,contemporary hits radio,dance,electronic dance music,eurodance,jovem,pop,pop rock,top 40",https://f108.fabricahost.com.br/jpblumenau?f=1768464027N01KF0AQ438AT4MFMBHEV2NP5QH&tid=01KF0AQ438FRZFWMDPREG5YT3S,https://jpimg.com.br/uploads/2024/02/avatar-blumenau-rgb-500x500.png,https://jovempan.com.br/afiliada/blumenau-fm
Rádio Manawa,Brasil • Português • Hard Rock,Brazil,,"eletrônica,mpb,rock",http://161.97.82.133:8000/radio.mp3,https://manawa.com.br/favicon.ico,https://manawa.com.br/
Rádio AMC+,Brasil • Português • Hard Rock,Brazil,,"anime,jpop,jrock",https://radioamc.com.br/stream/amcplus,https://radioamc.com.br/shared/amcpluslogo.png,https://radioamc.com.br/
Sonora FM - Farroupilha,Brasil • Português • Hard Rock,Brazil,Rio Grande do Sul,"adulta,pop-rock",https://casthttps1.suaradionanet.net/10318/stream,,https://www.radiosonorafm.com.br/
Elite Studio FM,Brasil • Português • Hard Rock,Brazil,Santa Catarina ,"flashback,pop,pop-rock,rock",https://stream.zeno.fm/jjgtqyoqkpvuv,,https://www.elitestudiofm.com.br/
Jovem Pan Porto Alegre,Brasil • Português • Hard Rock,Brazil,,"eletrônica,pop,rock",http://centova6.ciclanohost.com.br:9256/,https://firebasestorage.googleapis.com/v0/b/radiogalaxy-580f4.appspot.com/o/images%2FIMG_20230202_185333193.jpg?alt=media&token=15a4fdd0-fd97-4507-b2f2-584233d1f324,https://jovempan.com.br/afiliada/grandepoa-fm
"Rockett 97,7",Brasil • Português • Hard Rock,Brazil,Espírito Santo,rock,https://8817.brasilstream.com.br/stream?cc=1645359200316,,https://www.hfnews.com.br/
Rádio Amigos do Rock,Brasil • Português • Hard Rock,Brazil,São Paulo (SP),,https://stm25.srvaudio.com.br:11358/;,,https://radioamigosdorock.wixsite.com/radio-amigos-do-ro-1
Mundo Livre FM Maringá 102.5,Brasil • Português • Hard Rock,Brazil,Paraná(Brazil),"alternative rock,indie rock,rock",https://playerservices.streamtheworld.com/api/livestream-redirect/MUNDOLIVRE_MGAAAC.aac,https://mundolivrefm.com.br/favicon.png,https://mundolivrefm.com.br/
Geografia Rock 2,Brasil • Português • Hard Rock,Brazil,,geografiarock,https://stream.zeno.fm/63kdg03m2uhvv,,https://geografiarockoficial.blogspot.com/
Rádio C Brasil,Brasil • Português • Hard Rock,Brazil,,rock,https://stm5.painelcast.com:7578/stream,null,https://toligado.net.br/
Rádio Rapadura Rock Web,Brasil • Português • Hard Rock,Brazil,Sao Paulo,rock,https://stm35.srvstm.com:6806/;?type=http&amp;nocache=1,https://www.rapadurarockweb.com.br/admin/assets/img/logo.png,https://www.rapadurarockweb.com.br/
NuMetal 1.0 - JubsTones,Brasil • Português • Hard Rock,Brazil,São Paulo,,https://stream.zeno.fm/zg3ps1ckoeiuv,https://stream.zeno.fm/zg3ps1ckoeiuv,https://stream.zeno.fm/zg3ps1ckoeiuv
"FM Cultura 107,7",Brasil • Português • Hard Rock,Brazil,Rio Grande do Sul,"jazz,mpb,public radio,rock",https://streaming.procergs.com.br:8443/fmcultura/sfmcultura/chunklist_w644085663.m3u8,https://encrypted-tbn0.gstatic.com/images?q=tbn:ANd9GcSAuOppGJXgt2O89-F2g79LhdFjkIUz2DJzfh7I5LHDDniy8rnEDzicRTc&s=10,https://fmcultura.com.br/inicial
Rádio Jovem Pan 91.1 FM,Brasil • Português • Hard Rock,Brazil,Sao Paulo,"pop rock,young",https://cast2.hoost.com.br:8039/stream,https://img.radios.com.br/radio/lg/radio24800_1675111116.jpg,https://jovempan.com.br/afiliada/sorocaba-fm
Mundial Rock,Brasil • Português • Hard Rock,Brazil,Sao Paulo (Brazil),,https://azura.mundialmusic.net/radio/8010/radio.mp3,http://img.sedoparking.com/templates/logos/sedo_logo.png,http://www.mundialrock.net/
OverRock Radio,Brasil • Português • Hard Rock,Brazil,,rock,http://streaming06.hstbr.net:8008/live,,https://overrock.mus.br/
Z-top,Brasil • Português • Hard Rock,Brazil,Minas Gerais,"chr,contemporary hits radio,dance,electronic dance music,eurodance,jovem,pop,pop rock,top 40",https://stream.zeno.fm/gzf0stmb2d0uv,https://cdn.onlineradiobox.com/img/l/2/95782.v7.png,https://radiorockfm.com.br/ztop
Radio ZTOP,Brasil • Português • Hard Rock,Brazil,Minas Gerais,"contemporary hits radio,dance,electronic dance music,eurodance,jovem,op,pop rock,top 40",https://stream.zeno.fm/bd0hmtmb2d0uv,https://images.zeno.fm/F19RKDqzPlicPWJRFtHsKsoDnxxlCIlPPZGOe78MIJc/rs:fit:170:170/g:ce:0:0/aHR0cHM6Ly9zdHJlYW0tdG9vbHMuemVub21lZGlhLmNvbS9jb250ZW50L3N0YXRpb25zL2FneHpmbnBsYm04dGMzUmhkSE55TWdzU0NrRjFkR2hEYkdsbGJuUVlnSURBdGZhcy1nb01DeElPVTNSaGRHbHZibEJ5YjJacGJHVVlnSURRdW9pQjVnZ01vZ0VFZW1WdWJ3L2ltYWdlLw.webp?u=Mon%20Jan%2001%2022:54:51%20UTC+0000%202024,https://radiorockfm.com.br/ztop
Rádio Galegóvski,Brasil • Português • Hard Rock,Brazil,Santa Catarina,"mpb,rock",https://radio.galegovski.com/live,https://galegovski.com/radiologo.png,https://radio.galegovski.com/
Fronteira FM 97.1,Brasil • Português • Hard Rock,Brazil,Rio Grande do Sul,"hits,pop,rock,sertanejo",https://sonicpanel.oficialserver.com/9992/stream,,https://radiofronteirafm.com.br/
"Metropolitana FM 97,7 Maceió",Brasil • Português • Hard Rock,Brazil,Alagoas,"pop rock popular,sertaneja",https://streaming.livespanel.com:8032/maceiofm,https://www.radios.com.br/aovivo/radio-metropolitana-977-fm/260824,https://maceiofm97-7.mobirisesite.com/
"Mix FM 98,3 Maceió",Brasil • Português • Hard Rock,Brazil,Alagoas,"jovem,pop rock",https://virtues.live:8184/stream,https://www.radios.com.br/aovivo/radio-mix-983-fm/13177,http://98fmmaceio.com.br/
Morena FM /Rio,Brasil • Português • Hard Rock,Brazil,RJ,"adult contemporary,brazilian music,classic rock,pop,rock",https://centova5.transmissaodigital.com:20005/stream,,https://www.morenafmrio.com/
MGT ROCK,Brasil • Português • Hard Rock,Brazil,Brasil,"mgt,rock",https://cast.mgtradio.net/radio/8090/aac,https://www.mgtradio.net/images/ouvir-radio-online.png,https://www.mgtradio.net/
Venenos Psicodélicos,Brasil • Português • Hard Rock,Brazil,Rio Grande do Sul,"60's,70's,psychedelic rock",https://stream.zeno.fm/c5bc53qc3k0uv,https://zeno.fm/favicon.ico,https://zeno.fm/venenospsicodelicos/
Rádio Estação Pop,Brasil • Português • Hard Rock,Brazil,MG,pop-rock,https://s46.maxcast.com.br:8026/live?1771884575757,https://img.radios.com.br/radio/lg/radio29801_1439401712.jpg,http://radioestacaopop.com/
Transamérica FM,Brasil • Português • Hard Rock,Brazil,,rock,http://9595.brasilstream.com.br/stream,,
Radio Amigos do Rock,Brasil • Português • Hard Rock,Brazil,SP,,http://stm25.srvaudio.com.br:11358/,https://www.wix.com/favicon.ico,https://leonelapantonellij.wixsite.com/website-2
Jovem Fm,Brasil • Português • Hard Rock,Brazil,Tocantins,"pop rock,popular",http://wz3.dnip.com.br/aycomau1/aycomau1.stream/playlist.m3u8,,http://redejovemfm.com.br/
94 Live (Divinópolis - MG),Brasil • Português • Hard Rock,Brazil,Minas Gerais,"hits,pop rock",https://94fm64aac.jmvstream.com/stream,https://ugc.production.linktr.ee/2QIV7DDhSoeAW2nYRLi2_ZPDNoICIM617u2RP?io=true&size=avatar-v3_0,https://linktr.ee/radio94live
"Jovem pan 95,9 FM",Brasil • Português • Hard Rock,Brazil,Recife,"jovem,pop rock",https://cast4.audiostream.com.br:20004/jp95,https://www.radios.com.br/aovivo/radio-jovem-pan-959-fm/24574,https://jovempan.com.br/afiliada/recife-fm
Antena 1 FM 91.3 MHz / Juiz de Fora - MG,Brasil • Português • Hard Rock,Brazil,Minas Gerais,"soft adult contemporary,soft rock",https://stream02.ouveai.com.br:7017/stream,https://a1media.antena1.com.br/image/album/400x400/default-antena1.jpg,https://www.antena1.com.br/
DinamicoFM,Brasil • Português • Hard Rock,Brazil,Rio Grande do Sul,rock em geral,https://medicp.radiovinil.com.br:2020/stream/dinamicofm,,https://dinamicofm.com/
The Beatles - Discografia (MP3),Brasil • Português • Hard Rock,Brazil,,"classic rock,the beatles",http://stream.zeno.fm/qrt8wcezvtvvv,https://i.ibb.co/zhYdkhsH/image-1.webp,https://www.thebeatlesdiscografia.br/
"Mundo Livre FM Londrina 93,1",Brasil • Português • Hard Rock,Brazil,Parana,"londrina,rock",https://rrdns-continental.webnow.com.br/mllondrina.mp3,,https://mundolivrefm.com.br/
"Jovem pan 101,3 FM Maringá",Brasil • Português • Hard Rock,Brazil,Parana,"jovem,pop rock",https://shout35.crossradio.com.br:18040/stream,https://www.radios.com.br/aovivo/radio-jovem-pan-1013-fm/8801,https://jovempan.com.br/afiliada/maringa-fm
Radio Ativa Bom Despacho,Brasil • Português • Hard Rock,Brazil,Minas Gerais,"caipira,funk,international,mpb,pop,rock,sertaneja",http://148.72.158.239:8036/live,,http://www.radioativabdmg.com.br/
Montiel Rock,Brasil • Português • Hard Rock,Brazil,Rio Grande do Sul,"80s rock,aor,glam metal,hair metal,hard rock,heavy metal",https://radio.mntl.top/listen/montiel_rock/radio.mp3,https://azura.mntl.top/static/uploads/montiel_rock/album_art.1782413303.png,https://radio.mntl.top/
Rádio Educadora 91.7 FM,Brasil • Português • Hard Rock,Brazil,Sao Paulo,"dance,pop,pop/rock",https://stm22.xcast.com.br:11282/stream,https://img.radios.com.br/radio/lg/radio12843_1676385507.png,https://www.educadorafm.com.br/
União FM - Porto Alegre,Brasil • Português • Hard Rock,Brazil,Rio Grande do Sul,"mpb,news,pop,rock",https://stream.ouveai.com.br/proxy/uniaonh?mp=/stream,https://www.uniaofm.com.br/wp-content/themes/radiouniaotheme/favicon/favicon-128.png,https://www.uniaofm.com.br/
Radio Maquina no Rock,Brasil • Português • Hard Rock,Brazil,,rock,https://servidor20-4.brlogic.com:8582/live,,https://maquinarock.webradiosite.com/
Rádio Music Hall,Brasil • Português • Hard Rock,Brazil,São Paulo,"flashback,pop-rock",http://server02.ouvir.radio.br:8050/stream,https://img.radios.com.br/radio/lg/radio34072_1446728798.jpg,http://radios.gratis/
VINTAGE ROCK,Brasil • Português • Hard Rock,Brazil,Sao Paulo (Brazil),rock,https://servidor29.brlogic.com:7004/live,"https://static.wixstatic.com/media/968b35_8abc350821884ad6b3b35e24cd6839b2~mv2.png/v1/fill/w_600,h_337,al_c,q_85,usm_0.66_1.00_0.01,enc_avif,quality_auto/1.png",https://www.sistemavintage.com/
Jovem Pan FM - Salvador - BA - 91.3,Brasil • Português • Hard Rock,Brazil,Bahia,"contemporary hits radio,jovem,jovem pan,pop,pop rock,top 40","https://shout25.crossradio.com.br:18022/1,%20https://shout25.crossradio.com.br:18022/1",https://jpimg.com.br/uploads/2022/12/afiliadas-salvador-500x500.jpg,https://jovempan.com.br/afiliada/salvador-fm
Rádio I Love anos 80's,Brasil • Português • Hard Rock,Brazil,Porto Alegre ,"alternative rock,anos 80,romantic",https://shit-is-merda.stream.laut.fm/shit-is-merda,https://uploaddeimagens.com.br/images/004/753/770/thumb/apple-touch-icon.png,https://radioiloveanos80.blogspot.com/
Rádio Geografia Rock,Brasil • Português • Hard Rock,Brazil,,classic rock,https://servidor20.brlogic.com:7354/live,https://public-rf-upload.minhawebradio.net/204992/mobileicon/e69ece1be41091c923d068b4f309176bx192.png,https://geografiarock.webradiosite.com/
SomBR,Brasil • Português • Hard Rock,Brazil,,"adult contemporary,bossa nova,dance,eclectic,eclectic programming,metal,mpb,rock",https://airadio.duckdns.org/listen/radio_sombr/radio,https://airadio.duckdns.org/static/uploads/radio_sombr/album_art.1781113785.webp,https://airadio.duckdns.org/
Rádio Kboing 100.3 FM,Brasil • Português • Hard Rock,Brazil,São Paulo,"adult,adulta,pop,pop rock",https://stream.knbcdn.com.br/kboing-fm/kbostream/playlist.m3u8,https://img.radios.com.br/radio/lg/radio29604_1653915617.jpg,https://www.kboingfm.com.br/
Rádio Cidade - drop80,Brasil • Português • Hard Rock,Brazil,Rio de Janeiro,rock,http://playerservices.streamtheworld.com/api/livestream-redirect/DROP80_S01AAC.aac,https://radiocidade.fm/player/img/drop-80.svg,https://radiocidade.fm/player/index.php
Rádio Cidade - Stereo Zero,Brasil • Português • Hard Rock,Brazil,Rio de Janeiro,rock,http://playerservices.streamtheworld.com/api/livestream-redirect/STEREOZERO_S01AAC.aac,https://radiocidade.fm/player/img/stereo-zero.svg,https://radiocidade.fm/player/index.php
Rádio UFMG Educativa,Brasil • Português • Hard Rock,Brazil,Minas Gerais,"brazilian music,college radio,mpb,rock,talk & speech,universitária",https://www3.ufmg.br/streamingradioaovivo/aovivo.mp3,,https://www.ufmg.br/comunicacao/radio-ufmg-educativa/
Rádio Atlântida FM Florianópolis,Brasil • Português • Hard Rock,Brazil,Santa Catarina,pop rock,https://27353.live.streamtheworld.com:443/ATL_FLO.mp3,,https://atlantidasc.com.br/
mexfm,Brasil • Português • Hard Rock,Brazil,Sao Paulo (Brazil),"eclética,pop,rock",https://stm22.xcast.com.br:12658/stream.mp3,https://mexfm.com/assets/img/favicon.png,https://mexfm.com/
Rádio 96 FM,Brasil • Português • Hard Rock,Brazil,Goias,"música pop,pop rock",https://cast4.hoost.com.br:20079/stream,,https://radio96fm.net/
Jovem Pan FM - Osório,Brasil • Português • Hard Rock,Brazil,Rio Grande do Sul,"electronic,pop rock",http://centova14.ciclanohost.com.br:8405/stream,https://s.jpimg.com.br/wp-content/themes/jovempan/assets/build/images/favicons/apple-touch-icon.png,https://jovempan.com.br/afiliada/osorio-fm
Sintoniza Rock,Brasil • Português • Hard Rock,Brazil,,,https://s04.maxcast.com.br:8930/autodj,,https://sintonizarock.com/
RTL 91.7,Brasil • Português • Hard Rock,Brazil,"Santos, Sao Paulo (Brazil)","classic rock,pop rock,rock",https://live.virtualcast.com.br/rtl,https://static.wixstatic.com/media/69fb21_d1075bfa67cb45b69ab22502435fa701%7emv2.png/v1/fill/w_180%2ch_180%2clg_1%2cusm_0.66_1.00_0.01/69fb21_d1075bfa67cb45b69ab22502435fa701%7emv2.png,https://www.aradiorock.com.br/
Morena FM 98,Brasil • Português • Hard Rock,Brazil,Bahia,"blues,brazilian music,classic rock,pop,rock",https://ssl1.transmissaodigital.com:2692/stream,,https://www.morenafm.com/
Rádio Nove,Brasil • Português • Hard Rock,Brazil,Minas Gerais,"brazilian,latin,mpb,rock",https://servidor22.brlogic.com:7050/live,https://public-rf-upload.minhawebradio.net/249787/editor/097c156d65e83ec9c1d9c039c0eec480.png,https://www.radionove.com.br/
Rádio UPF,Brasil • Português • Hard Rock,Brazil,Rio Grande do Sul,"classic rock,rock",https://servidor38-2.brlogic.com:8134/live?source=app_pwa,https://www.upf.br/_uploads/de96ed99-0829-412c-b2ca-7d214255ef6b.png,https://radioupf.minhawebradio.net/app/index.html#/home
Rádio Rock FM,Brasil • Português • Hard Rock,Brazil,Minas Gerais,"alternative,alternative / indie,alternative rock,brazilian rock,modern rock,pop rock,rock",https://stream-159.zeno.fm/bd9p0p44puquv?zs=V_zU2Gc-TXGWa_BXm42cMA,https://pbs.twimg.com/media/ElF46QUXgAEtJk9?format=png&name=small,https://radiorockfm.com.br/
Terra FM 99.9 MHz ZYC730 (Belo Horizonte - MG),Brasil • Português • Hard Rock,Brazil,Minas Gerais,"classic rock,rock",https://servidor28-2.brlogic.com:8424/live,https://public-rf-upload.minhawebradio.net/11542/mobileicon/efdb6a896e5ea1395fb0e87672d8471fx192.png,https://www.radioterrafm999.net/
"Jovem pan FM Curitiba 103,9",Brasil • Português • Hard Rock,Brazil,Parana,"jovem,pop rock",https://f100.fabricahost.com.br/jpcuritiba?f=1781707014N01KVB0705NGYGVCWVT3PW4GE37&tid=01KVB0705NCA4ZWMVE2AHH52AB,https://www.radios.com.br/aovivo/radio-jovem-pan-1039-fm/13401,https://jovempan.com.br/afiliada/curitiba-fm
Rádio Yard Sounds,Brasil • Português • Hard Rock,Brazil,Rio Grande do Sul,"reggae,rock",https://hts10.brascast.com:7966/live,https://yardsounds.com.br,https://yardsounds.com.br/
"POP 95,1",Brasil • Português • Hard Rock,Brazil,"Montes Claros, MG, Brazil","pop,pop/rock",https://servidor39.brlogic.com:8152/live,https://www.pop95fm.com.br/wp-content/uploads/2021/04/cropped-favpop-180x180.png,http://www.pop95fm.com.br/
"Rádio Cidade 94,7",Brasil • Português • Hard Rock,Brazil,São Paulo,"country,local news,news,pagode,pop rock,samba,sports",https://sv13.hdradios.net:8084/stream,,https://www.cidade94.com.br/
Biz WebRadio,Brasil • Português • Hard Rock,Brazil,São Paulo,"dance,edm,hits,pop,rock,top 40",https://icecast.bizwebradio.com/listen/biz/radio.aac,https://www.bizwebradio.com/wp-content/uploads/2020/09/base_logo_white_background.png,https://www.bizwebradio.com/
Rádio Unifev,Brasil • Português • Hard Rock,Brazil,São Paulo,"classic hits,local news,news,pop music,rock,samba pagode",https://servidor17-4.brlogic.com:7618/live?source=7250,,https://www.unifev.edu.br/tvunifev/
Kiss FM 92.5 São Paulo,Brasil • Português • Hard Rock,Brazil,São Paulo,rock,https://26673.live.streamtheworld.com/RADIO_KISSFMAAC.aac?1655609055880,https://kissfm.com.br/wp-content/uploads/2024/05/KISSFMSP.svg,https://kissfm.com.br/
Froes Rock,Brasil • Português • Hard Rock,Brazil,,,https://sv10.hdradios.net:25198/stream,https://pbs.twimg.com/profile_images/1433466017511059468/mvwBTZyV_400x400.jpg,https://froess9.wixsite.com/froesrock
"Rádio Cambirela - Virtual,mas real.",Brasil • Português • Hard Rock,Brazil,"Santa Catarina, SC","brazillian music,contenmporary,country,retro music,rock",https://stm1.srvif.com:7244/stream,,https://radiocambirela.com.br/
Rádio Fox Rock,Brasil • Português • Hard Rock,Brazil,São Paulo,"classic rock,music,rock",https://brapostreaming.com.br/radio/8000/radio.mp3,https://radiofoxrock.com.br/wp-content/uploads/2021/04/cropped-favicon_google-180x180.png,https://radiofoxrock.com.br/
Rádio RNP,Brasil • Português • Hard Rock,Brazil,Paraná,"alternative rock,classic rock,curitiba,metal,new music,rock",https://hts02.brascast.com:11442/stream,https://img.radios.com.br/radio/lg/radio243062_1713273568.jpg,https://rocknopinheiro.com.br/
Rádio Maresia,Brasil • Português • Hard Rock,Brazil,Parana,"adult contemporary,flashback,pop,pop rock,rock",https://s1.tgastream.com.br:7870/stream,https://maresiaradio.com.br/img/programas/d74ea8e7ebbad5a12fa3bc635688b8c8.jpg,https://maresiaradio.com.br/
Rádio Ziggy - The Beatles (MP3),Brasil • Português • Hard Rock,Brazil,Minas Gerais,"classic rock,the beatles",http://stream.zeno.fm/18sv42teknzuv,https://i.ibb.co/Y7XQnynd/85123-v7.png,https://ziggywebradio.wixsite.com/radioziggy
"Morena FM 107,1 FM - Campo Grande",Brasil • Português • Hard Rock,Brazil,Mato Grosso do Sul,"classic rock,rock",http://centova.svdns.com.br:25518/stream,https://www.morenafm.com.br/imagens/logo.png,https://www.morenafm.com.br/
Rádio Atlântida 93.3 FM,Brasil • Português • Hard Rock,Brazil,Rio Grande do Sul,"jovem,jungle,pop rock",https://liverdatlsc.rbsdirect.com.br/primary/atl_scr.sdp/playlist.m3u8,,http://www.clicrbs.com.br/especial/rs/atlantida-fm/
Rio Sul Radio,Brasil • Português • Hard Rock,Brazil,Rio de Janeiro,"adult,adult contemporary,pop rock",https://stream.riosulradio.com/,https://riosulradio.com/assets/img/logo.png,https://riosulradio.com/
Rádio Studio Souto - The Beatles (AAC+),Brasil • Português • Hard Rock,Brazil,Goiás,"alternative rock,classic rock,rock,the beatles",https://centova5.transmissaodigital.com:20001/;,https://i.ibb.co/d0rps2bk/279586968-2291494730988635-8074650480271811715-n.jpg,https://studiosouto.com/
Novos Horizontes FM,Brasil • Português • Hard Rock,Brazil,Rio Grande do Sul,"pop,regional,rock",https://paineldj5.com.br:20013/stream,https://www.novoshorizontesfm.com/favicon.ico,https://www.novoshorizontesfm.com/
Rádio Ouro Verde FM 105.5,Brasil • Português • Hard Rock,Brazil,Parana,"brasil,brazilian music,classic hits,curitiba,ouro verde,ouro verde curitiba,ouro verde fm,ouro verde fm 105.5,paraná,pop,pop rock",http://servidor18.brlogic.com:7484/live,https://ouroverdefm.com.br/wp-content/uploads/2022/11/favicon-150x150.png,https://www.ouroverdefm.com.br/
"Jovem pan 103,1 FM Caruaru",Brasil • Português • Hard Rock,Brazil,Pernambuco,"jovem,pop rock",https://cast4.audiostream.com.br:20003/jp101,https://www.radios.com.br/aovivo/radio-jovem-pan-1013-fm/24305,https://jovempan.com.br/afiliada/caruaru-fm
"Jovem pan 104,1 FM",Brasil • Português • Hard Rock,Brazil,Manaus,"jovem,pop rock",https://shout25.crossradio.com.br:18022/stream,https://www.radios.com.br/aovivo/radio-jovem-pan-1041-fm/13348,http://manaus.jovempanfm.com.br/
Rádio HT,Brasil • Português • Hard Rock,Brazil,Rio Grande do Sul,"classic rock,futebol,local news,rock",https://servidor39.brlogic.com:8624/live,https://public-rf-upload.minhawebradio.net/31396/mobileicon/7994a58d1b846c51a81981fbaf980e91x192.png,https://radioht.com.br/
Mix FM - Porto Alegre,Brasil • Português • Hard Rock,Brazil,Rio Grande do Sul,"jovem,pop-rock",https://playerservices.streamtheworld.com/api/livestream-redirect/MIXFM_POAAAC.aac,,http://www.mixfmpoa.com.br/
WEB RADIO NO MUNDO DO ROCK,Brasil • Português • Hard Rock,Brazil,,,https://servidor34-1.brlogic.com:8014/live?source=website,https://public-rf-upload.minhawebradio.net/1949/logo/36cb5c29d6db9db77f6e496c3966ed8e.jpeg,https://nomundodorock.com/
Conecta FM - Marília,Brasil • Português • Hard Rock,Brazil,Sao Paulo (Brazil),"80s,90s,alternative,classic hits,dance,electronic,folk,indie,jazz,lounge,mpb,new wave,pop,pop rock,r&b,rock,soul",https://paineldj.com.br:20184/stream,https://fmconecta.com.br/icon.png,https://fmconecta.com.br/
"Jovem pan 91,3 FM",Brasil • Português • Hard Rock,Brazil,Bahia,"jovem,pop rock",https://e-spo-101.fabricahost.com.br/jpsalvador?f=1781720454N01KVBD156X2QB7Q3HVYGECQMZ5&tid=01KVBD156XN96YD5591R27V2R9,https://www.radios.com.br/aovivo/radio-jovem-pan-913-fm/11272,https://jovempan.com.br/afiliada/salvador-fm
TOP POP WEB RÁDIO - A Estação Das Melhores Músicas,Brasil • Português • Hard Rock,Brazil,Goias,"dance,pop,remix,rock",http://usa3.fastcast4u.com:1932/stream?type=http&nocache=4,https://img.radios.com.br/radio/xl/radio289132_1782481286.png,https://start.me/p/8yYJPB/top-pop-web-rdio
Rádio LAM,Brasil • Português • Hard Rock,Brazil,Rio de Janeiro,"alternative rock,blues,brazilian rock,classic rock,rock",https://stream1.svrdedicado.org/8028/stream,https://static.wixstatic.com/media/a50a7a_81465ac4da92440e8e9dbca4534a3a02~mv2.png,https://www.radiolam.com.br/
Rádio The Beatles (MP3),Brasil • Português • Hard Rock,Brazil,Goiás,"1960s,1970s,classic rock,oldies,pop,the beatles",http://stream-155.zeno.fm/6gnr5yq68nhvv?zt=eyJhbGciOiJIUzI1NiJ9.eyJzdHJlYW0iOiI2Z25yNXlxNjhuaHZ2IiwiaG9zdCI6InN0cmVhbS0xNTUuemVuby5mbSIsInRtIjpmYWxzZSwicnR0bCI6NSwianRpIjoiajRZamxVVnVScmlXQUdhWGhqTTd6ZyIsImlhdCI6MTc2ODQ0ODYyMywiZXhwIjoxNzY4NDQ4NjgzfQ.k9lfUID-D8ORbPyQsGnUY3MLV94AHq3JCz1UGdoo5uA,https://i.ibb.co/zhyZZTxB/image.webp,https://www.xn--rdiothebeatles-vgb.br/
Rádio Elétrica,Brasil • Português • Hard Rock,Brazil,,rock,http://servidor26.brlogic.com:8040/live,,http://servidor26.brlogic.com:8040/live
TOP-POP WEB RÁDIO - JD33 ONE PRODUTION,Brasil • Português • Hard Rock,Brazil,Goias,"dance,pop,remix,rock",https://usa3.fastcast4u.com/proxy/jd33corp/stream,https://img.radios.com.br/radio/xl/radio289132_1782481286.png,https://start.me/p/8yYJPB/top-pop-web-rdio
Rádio Amigos do Rock Nacional,Brasil • Português • Hard Rock,Brazil,São Paulo,rock nacional,http://stm1.uniservstm.stream:6724/,,https://radioamigosdorocknacional.dechost.com.br/
Rádio 104 FM Natal RN,Brasil • Português • Hard Rock,Brazil,Rio Grande do Norte,"mpb,pop music,pop rock",https://radios.braviahost.com.br:8000/radio.mp3?1732983388728,https://img.radios.com.br/radio/lg/radio42_1439400388.jpg,https://www.radios.com.br/aovivo/radio-104-fm/42
Radio Cidade JF,Brasil • Português • Hard Rock,Brazil,Minas Gerais,"pop,rock",http://wz1.dnip.com.br/cidadefmjf/cidadefmjf.stream/playlist.m3u8,,http://www.radiocidadejf.com.br/
"UniFM 94,5https://radiounifm.com.br/",Brasil • Português • Hard Rock,Brazil,Curitiba,"pop,rock,university",https://funpar.jmvstream.com/stream,,https://radiounifm.com.br/
Fofinho Rock Club,Brasil • Português • Hard Rock,Brazil,,,http://foreverinrock.radioca.st:9560/stream,,https://fofinhorockclub.com.br/
Jovem Pan FM - Manaus - AM - 104.1,Brasil • Português • Hard Rock,Brazil,Minas Gerais,"contemporary hits radio,jovem,jovem pan,pop,pop rock,top 40",https://directradios.net/proxy/jpmaceio?mp=/stream,https://jpimg.com.br/uploads/2022/12/afiliada-manaus-500x500.jpg,https://jovempan.com.br/afiliada/manaus-fm
No Mundo do Rock,Brasil • Português • Hard Rock,Brazil,,,https://servidor34-1.brlogic.com:8014/live,,https://nomundodorock.com/
Conquista WebStation Brazil,Brasil • Português • Hard Rock,Brazil,São Paulo (SP),"(ac) adult contemporary,2000´s,2010´s,70´s,80´s,90´s,ballads,dance,disco,eurodance 90,pop,pop rock,rock,soul",https://stream.zeno.fm/ecryaaflji9tv,https://zeno.fm/_ipx/s_144x144/https://images.zeno.fm/JlNSvkhKIeLNfu040zecnGtPqb7gY7DJA8Xubr6WQ-U/rs:fill:288:288/g:ce:0:0/aHR0cHM6Ly9wcm94eS56ZW5vLmZtL2NvbnRlbnQvc3RhdGlvbnMvNWQzYTk0NjMtMmEzNi00ZDEzLWIwZTEtYTcwOTdmZmViYzUxL2ltYWdlLz91PTE3Mzg1MTc5ODYwMDA.webp,https://zeno.fm/radio/conquista-webstation-brazil/
Rádioweb Cult 22,Brasil • Português • Hard Rock,Brazil,Distrito Federal,"alternative rock,classic rock,rock",https://s24.maxcast.com.br:8168/live?id=1622747293019,https://external-content.duckduckgo.com/iu/?u=http%3A%2F%2Fwww.cult22.com%2Fblog%2Fwp-content%2Fuploads%2F2019%2F04%2FR%25C3%25A1dio-Cult-22.jpg&f=1&ipt=e5c7a39b0395fe61d668f70d97ef580dd126ddd7777b863604927ffc6113335f,https://www.cult22.com/blog/
RÁDIO PLACE FM,Brasil • Português • Hard Rock,Brazil,"Piauí ,Teresina","dance,pop,pop rock,top hits",https://stm27.xcast.com.br:8072/,,https://www.placefm.com.br/
Limeira FM,Brasil • Português • Hard Rock,Brazil,São Paulo,rock,https://centova.svdns.com.br:20050/stream,,http://limeirafm.com.br/
Rádio AMC,Brasil • Português • Hard Rock,Brazil,,"anime,jpop,jrock",https://radioamc.com.br/stream/amc,https://radioamc.com.br/shared/amclogo.png,https://radioamc.com.br/
Rádio Melodia 97.5 FM,Brasil • Português • Gospel Brasileira,Brazil,Rio de Janeiro,gospel,https://26573.live.streamtheworld.com/MELODIAFMAAC.aac?1771864900231,https://img.radios.com.br/radio/lg/radio13848_1439401456.jpg,http://www.melodia.com.br/
Amazon Gospel,Brasil • Português • Gospel Brasileira,Brazil,,news,http://directradios.net:8197/;,,https://amazongospel.com/
Rádio Gospel,Brasil • Português • Gospel Brasileira,Brazil,,gospel,http://148.72.158.239:8120/live,,http://www.gospel.fm.br/
Melodia FM 97.5,Brasil • Português • Gospel Brasileira,Brazil,Rio de Janeiro,gospel,https://server01.ouvir.radio.br:8033/stream,https://melodia.com.br/favicon.ico,https://melodia.com.br/
MGT GOSPEL,Brasil • Português • Gospel Brasileira,Brazil,Brasil,"brasil,cristã,gospel,jesus",https://cast.mgtradio.net/radio/8040/aac,https://www.mgtradio.net/favicon.ico,https://www.mgtradio.net/
Rádio Águia FM,Brasil • Português • Gospel Brasileira,Brazil,CE,gospel,https://stream-178.surfernetwork.com/zg2qr00vrzzuv?zt=eyJhbGciOiJIUzI1NiJ9.eyJzdHJlYW0iOiJ6ZzJxcjAwdnJ6enV2IiwiaG9zdCI6InN0cmVhbS0xNzguc3VyZmVybmV0d29yay5jb20iLCJ0bSI6ZmFsc2UsInJ0dGwiOjUsImp0aSI6IkQ3bFFVVXc0VHVLck5HaWVQSk9HcVEiLCJpYXQiOjE3ODIzMjk1NTUsImV4cCI6MTc4MjMyOTYxNX0.beDDfBuAZOI-y4FLmk_42_KkrfUAd0CGfiorOSC2L5w,,https://zeno.fm/radio/aguia-fm-fortaleza/
ADORA MIX,Brasil • Português • Gospel Brasileira,Brazil,Minas Gerais,"gospel,hits,notícias",https://stream-178.zeno.fm/dapc6eho8szuv?zt=eyJhbGciOiJIUzI1NiJ9.eyJzdHJlYW0iOiJkYXBjNmVobzhzenV2IiwiaG9zdCI6InN0cmVhbS0xNzguemVuby5mbSIsInRtIjpmYWxzZSwicnR0bCI6NSwianRpIjoiUWREZVNoeUhRTWl4ZUwydUd5X0xLQSIsImlhdCI6MTc4MDYyNjk2NSwiZXhwIjoxNzgwNjI3MDI1fQ.IZrf69ouCVyW_XkZSYPzTtku0ldpslp1VOwDWrV0pJQ,https://stream.zeno.fm/dapc6eho8szuv,https://stream.zeno.fm/dapc6eho8szuv
Radio Instrumental Gospel,Brasil • Português • Gospel Brasileira,Brazil,,christian,http://live8.livemus.com.br:27142/stream,,https://www.radioinstrumentalgospel.com.br/
Gospel FM,Brasil • Português • Gospel Brasileira,Brazil,,,https://stream3.svrdedicado.org/8070/stream,https://gospelfm89.com.br/gospelfm.png,https://gospelfm89.com.br/
Dadiva Net,Brasil • Português • Gospel Brasileira,Brazil,Minas Gerais,gospel evangélica,https://stm47.stmsrv.com:16180/stream,https://dadiva.net/logo.png,https://dadiva.net/
Rádio Rede Aleluia 99.5 FM,Brasil • Português • Gospel Brasileira,Brazil,São Paulo,"christian-gospel,faith,gospel",https://azrmcsoftbroadcast.com.br/listen/rd99fm/rd99fm.aac,https://redealeluia.com.br/wp-content/uploads/2025/10/cropped-Rede-Aleluia-Roxo-V-300x177.png,https://redealeluia.com.br/
107.5 simplesmente diferente,Brasil • Português • Gospel Brasileira,Brazil,Joinville - SC,gospel music,https://cast2.youngtech.radio.br/radio/8290/radio,https://1075fm.com.br/site/wp-content/uploads/2024/10/logo-novo.png,https://1075fm.com.br/
Rádio Novo Tempo 96.9 FM - Florianópolis - SC,Brasil • Português • Gospel Brasileira,Brazil,Santa Catarina,"adventist,christian,gospel",https://stream.live.novotempo.com/radio/smil:rntFlorianopolisSC.smil/playlist.m3u8,,https://www.novotempo.com/radioflorianopolis/
Radio Gospel Hitz Jf,Brasil • Português • Gospel Brasileira,Brazil,MG,,https://cast6.midiazdx.com.br:6880/,,https://www.radiogospelhitzjf.zdx.com.br/
ÚNICA - Gospel Music,Brasil • Português • Gospel Brasileira,Brazil,Distrito Federal,,https://stm8.painelcast.com:7024/stream,https://i.ibb.co/5x1yHdR0/LOGO2025.png,https://suaunicaradio.com.br/
Rádio Gospel Hits,Brasil • Português • Gospel Brasileira,Brazil,,,https://servidor37.brlogic.com:7068/live,https://public-rf-upload.minhawebradio.net/248007/mobileicon/a279add08d24de644960ffdbfbaa688bx192.png,https://radiogospelhits.com.br/
Amigos de Cristo Web Rádio,Brasil • Português • Gospel Brasileira,Brazil,Santa Catarina,christian-gospel,https://server06.srvsh.com.br:6856/stream,https://drive.google.com/uc?export=view&id=1jy0e0mJOu8ozjEf40G5oBalCRG1g5OFh,https://sites.google.com/view/amigos-de-cristo-web-rdio/in%C3%ADcio
Rádio Bíblia SBB,Brasil • Português • Gospel Brasileira,Brazil,Sao Paulo,"evangelical,missionary",https://servidor30-4.brlogic.com:7398/live,https://public-rf-upload.minhawebradio.net/198355/logo/4c4cbe5adabe83df1f78061bf9ec01d1.png,https://radiobiblia.sbb.org.br/
"Rede aleluia 100,3 FM Maceió",Brasil • Português • Gospel Brasileira,Brazil,Alagoas,gospel music,https://station.azrmcsoftbroadcast.com.br/listen/radio_alagoas/Alagoas,https://www.radios.com.br/aovivo/radio-rede-aleluia-1003-fm/57411,https://redealeluia.com.br/
Rádio Gospel Louvores,Brasil • Português • Gospel Brasileira,Brazil,Minas Gerais,,https://stm1.radionline.top:7004/,https://postimg.cc/K1DXMcHB,https://webgospellouvores.radionline.top/
Rede Aleluia - Jundiaí,Brasil • Português • Gospel Brasileira,Brazil,São Paulo,gospel,http://14398c.ha.azioncdn.net/primary/sp_jundiai.sdp/chunklist_e598b1e4-b25c-4fb1-838c-9d247c2b677a.m3u8,,https://www.facebook.com/BlocoJundiai/
Rádio Novo Tempo,Brasil • Português • Gospel Brasileira,Brazil,Sao Paulo (Brazil),"adventist,christian,gospel",https://stream.live.novotempo.com/radio/smil:radionovotempo.smil/live.m3u8,https://www.novotempo.com/favicon.ico,https://www.novotempo.com/radioaovivo/
Rádio Água Azul,Brasil • Português • Gospel Brasileira,Brazil,PA,"cristã,ecletica,gospel,popular",https://stm4.srvif.com:8460/stream,https://blogger.googleusercontent.com/img/b/R29vZ2xl/AVvXsEg8Mf0pTyn0csGWmRnTNBIiN8hFYhkcefiB5wEZrW5AOxC-YJrlDyWRlHo9bZWF8atKWH5q54Hg3VMJkR1xaFvJRxt19DKlchSnbdYhywCsFpqUe5nHHkAkDbjaymm6jmVU-AJ3fp5MbIqVemnbxahRJcsuQHHC15w12UIS8eST2h2RLwuzSj8I-NYftys/s320/grok-image-b75974a7-7f23-42e6-a1d5-61b6e90790d1.png,https://radioaguaazul.com.br/
Rádio BBN 93.5 FM,Brasil • Português • Gospel Brasileira,Brazil,Sao Paulo,gospel,https://audio-edge-es6pf.mia.g.radiomast.io/ec065d59-f358-48c9-a288-4efc797e5860,https://img.radios.com.br/radio/lg/radio26833_1580208316.jpg,https://www.bbnradio.org/
PorDeus.fm,Brasil • Português • Gospel Brasileira,Brazil,Distrito Federal,"antena 1,band,band news,batista,brasil,brazil,brazilian music,cbn,christian,christian praise&worship,church,cnn,crente,cristão,deus,devotion,evangelica,fiel,fox,gospel,gospel eletronica,gospel music,hillsong,igreja,jesus,jovem pan,louvor,nethel,planetshakers,pop gospel,pordeus,pordeus.fm,prayer,reggae gospel,us,worship",https://stream.zenolive.com/92ptm8uua2zuv.aac,,https://pordeus.fm/
Rádio gospel louvores MG,Brasil • Português • Gospel Brasileira,Brazil,MG,,https://stm1.radioipbr.com.br:7004/live,https://i.postimg.cc/3NrDwMwT/radio-1768244329-6ebb5c9f16b2f0ffb06a.png,http://webgospellouvores.radioipbr.com.br/
Rádio Nova Geração FM,Brasil • Português • Gospel Brasileira,Brazil,Sao Paulo (Brazil),"christian contemporary,christian music,gospel",https://virtues.live:8138/stream?1771933686426,https://img.radios.com.br/radio/lg/radio32447_1722586805.png,http://www.radionovageracaofm.com.br/
Rádio Aparecida 104.3 FM,Brasil • Português • Gospel Brasileira,Brazil,São Paulo (SP),"católica,christian music,mpb",https://aparecida.jmvstream.com/stream?1771934151722,https://img.radios.com.br/radio/lg/radio9571_1726148606.jpg,http://www.a12.com/radio-aparecida
Rádio Evangelica Calafate,Brasil • Português • Gospel Brasileira,Brazil,MG,"crista,gospel,louvores",https://stm2.radioipbr.com.br:7106/live,,https://radioevangelicacalafate.sintoniaonline.com.br/
"Rádio Vida Melhor FM 95,7",Brasil • Português • Gospel Brasileira,Brazil,,gospel evangélica,https://servidor32-4.brlogic.com:8480/live?source=site,https://public-rf-upload.minhawebradio.net/58457/favicon/4bbb25f8041cca989b100bd8a98cc7fd.png,https://www.radiovidamelhor.com.br/
Radio Libertadora,Brasil • Português • Gospel Brasileira,Brazil,Rio Grande do Norte,gospel,https://stm12.pluscast.com.br:7222//;stream.mp3,https://radiolibertadora.com.br/wp-content/themes/main/assets/img/radiolibertadora-instagram.png,https://www.radiolibertadora.com.br/
musical fm 2,Brasil • Português • Gospel Brasileira,Brazil,,gospel,https://9176.brasilstream.com.br/stream,,https://fmmusical.com.br/
Radio Maria Brazil,Brasil • Português • Gospel Brasileira,Brazil,Brasília,"catholic,christian,talk",http://dreamsiteradiocp.com:8064/stream,https://www.radiomaria.org.br/favicon.ico,https://www.radiomaria.org.br/
Radio Essencia Gospel,Brasil • Português • Gospel Brasileira,Brazil,Paraná(Brazil),,https://srv2.braudio.com.br/7598//stream,https://essenciagospelfm.com/storage/settings/October2024/Nty9BDXdpPaGDsiY0meu.png,https://essenciagospelfm.com/
Ouvindo a Bilbia,Brasil • Português • Gospel Brasileira,Brazil,,"bible,biblia,christian",http://v3.directradios.com:8235/stream,,https://www.ouvindoabiblia.com.br/
Rádio Cristã Online,Brasil • Português • Gospel Brasileira,Brazil,Bahia,,https://servidor40.brlogic.com:8004/live,https://public-rf-upload.minhawebradio.net/3671/logo/ddefcfbb544edceaee90270f85726f48.png,https://radiocristaonline.com/
Maior Amor,Brasil • Português • Gospel Brasileira,Brazil,Paraná(Brazil),"cristiana,evangelical,gospel",https://tgaurl.com.br/maioramor,,https://www.maioramor.com.br/
Atos FM,Brasil • Português • Gospel Brasileira,Brazil,Ceara,"adult,adult contemporary,christian-gospel,flash back,flashback,gospel",https://s.bul.tec.br:8020/128,,https://atosfm.com.br/
Rádio Teomidia,Brasil • Português • Gospel Brasileira,Brazil,Sao Paulo,gospel,https://usa3.fastcast4u.com/proxy/teomidiaradio?mp=/1,https://img.radios.com.br/radio/lg/radio205342_1662632414.png,https://teomidia.radio.br/teomidia/
Lobo web rádio Penedo,Brasil • Português • Gospel Brasileira,Brazil,Alagoas,gospel music,http://stm21.srvaudio.com.br:9358/stream,http://play.radios.com.br/228029,https://www.radiolobo.com.br/
"Adore 89,3 FM Maceió",Brasil • Português • Gospel Brasileira,Brazil,Alagoas,"católica,gospel music",https://03.painelstreaming.com.br:27014/stream,https://www.radios.com.br/aovivo/radio-adore-893-fm/198032,https://adorefm.com/
Rádio Super,Brasil • Português • Gospel Brasileira,Brazil,Minas Gerais,gospel,https://servidor32.brlogic.com:8200/live,https://img.radios.com.br/radio/lg/radio18490_1637166379.png,http://www.lagoinha.com/
Radio Megamix Gospel,Brasil • Português • Gospel Brasileira,Brazil,São Paulo,,https://stm9.xcast.com.br:6988/,https://www.radiomegamix.com.br,https://www.radiomegamix.com.br/
Rede 3.16,Brasil • Português • Gospel Brasileira,Brazil,Rio de Janeiro,gospel,https://servidor21.brlogic.com:7976/live?1661877997950,https://rede316.com.br/favicon.ico,https://rede316.com.br/
Rádio Rede 3.16,Brasil • Português • Gospel Brasileira,Brazil,Rio de Janeiro,"gospel,varieties",https://servidor21.brlogic.com:7976/live,https://www.cxradio.com.br/img/Radio/Logo/70513e19e133ed1f3c2195559f7b8807.png,https://rede316.com.br/
Super Rede Boa Vontade 1230 AM,Brasil • Português • Gospel Brasileira,Brazil,Sao Paulo,"ecumenical,gospel",https://9000.brasilstream.com.br/stream,https://img.radios.com.br/radio/lg/radio10452_1439401380.jpg,https://www.boavontade.com/pt/radio#SP1230
Rádio Shekinah Só Louvor,Brasil • Português • Gospel Brasileira,Brazil,Sao Paulo (Brazil),gospel,https://player.voxpainel.com.br/proxy/7076,https://img.radios.com.br/radio/md/radio15612_1701426271.jpg,http://www.shekinahfm.com.br/
Radio Cordeiro de Deus,Brasil • Português • Gospel Brasileira,Brazil,SP,"christian-gospel,gospel contemporary,gospel country,gospel dance,gospel evangélica,gospel music,gospel pop,southern gospel,urban gospel",https://servidor33.brlogic.com:8598/live,,https://www.radioc.com.br/
"RADIO TAMANDARE ""100% JESUS""",Brasil • Português • Gospel Brasileira,Brazil,,christian,http://streaming09.hstbr.net:8058/live,http://radiorelogio1120am.com.br/favicon.png,http://radiorelogio1120am.com.br/
Rádio Mix Music,Brasil • Português • Gospel Brasileira,Brazil,MG,"christian contemporary,christian music,gospel",https://servidor36.brlogic.com:8176/live?1771884476397,https://img.radios.com.br/radio/lg/radio124584_1771865608.jpeg,https://radiomixmusic.com/
Rádio Maravilha 89.1 FM,Brasil • Português • Gospel Brasileira,Brazil,MG,gospel,https://stm19.srvstm.com:7080/stream?1771884971836,https://img.radios.com.br/radio/lg/radio269259_1752093044.png,https://89maravilhafm.com/
Charles Pitta dos Santos,Brasil • Português • Gospel Brasileira,Brazil,BA,"christian-gospel,cristão,gopsel,hits,pop",https://servidor40-3.brlogic.com:8004/live,https://public-rf-upload.minhawebradio.net/3671/logo/194703c6220528242b004d95004e0fec.png,http://radiocristaonline.com/
Pão Diário,Brasil • Português • Gospel Brasileira,Brazil,Paraná(Brazil),gospel,http://servidor24.brlogic.com:8808/live?1662557159610,,https://paodiario.org.br/radio-pao-diario/
Rádio Som do Céu,Brasil • Português • Gospel Brasileira,Brazil,Piauí,"gospel,public radio",http://stream.zeno.fm/t5y50e2ekbruv,,https://radiosomdoceudefloriano.blogspot.com.br/
Rádio Teomidia Instrumental,Brasil • Português • Gospel Brasileira,Brazil,Sao Paulo,"gospel,instrumental",https://usa3.fastcast4u.com/proxy/teomidiainstr?mp=/1,https://img.radios.com.br/radio/lg/radio205345_1662632533.png,https://teomidia.radio.br/instrumental/
Rádio Ministério Cristo Pleno,Brasil • Português • Gospel Brasileira,Brazil,,gospel,https://01.megadinamica.com:7018/,,https://01.megadinamica.com:7018/
Radio Nuevo Tiempo,Brasil • Português • Gospel Brasileira,Brazil,Sao Paulo (Brazil),"ccm,gospel",http://stream.novotempo.com:1935/radio/radionuevotiempo.stream/live.m3u8,,https://www.nuevotiempo.org/radio/
Rádio Voz do Povo 104.9 FM,Brasil • Português • Gospel Brasileira,Brazil,Ceara,gospel,http://stm8.painelcast.com:7454/stream?1661881380835,https://img.radios.com.br/radio/lg/radio38149_1520594394.png,http://www.abcdipaporanga.com.br/
Rádio Trans Mundial - RTM,Brasil • Português • Gospel Brasileira,Brazil,Sao Paulo,gospel,https://playerservices.streamtheworld.com/api/livestream-redirect/RADIOTRANSMUNDIALAAC_SC,https://img.radios.com.br/radio/lg/radio18759_1456511123.jpg,https://www.transmundial.com.br/
Rádio Tradição Católica,Brasil • Português • Gospel Brasileira,Brazil,Espírito Santo,"católica,cristã,tradicional",https://servidor17-1.brlogic.com:7126/live,https://public-rf-upload.minhawebradio.net/249876/logo/1a5a8ea6dccf097ac45790fd89678ca7.png,https://radiotradicaocatolica.com.br/
GOSPEL FM 90.1FM,Brasil • Português • Gospel Brasileira,Brazil,São Paulo (SP),,https://shoutcast2.s12.com.br:16002/;stream.nsv&type=mp3,http://www.radiogospelfm.com.br/splash1.png,https://www.redegospel.fm.br/
Rádio Nação 95.7 FM,Brasil • Português • Gospel Brasileira,Brazil,Joinville - SC,gospel evangélica,https://stm01.virtualcast.com.br:8014/nacaojoinville?1776797312625,,https://linktr.ee/NacaoFM95.7?utm_source=ig&utm_medium=social&utm_content=link_in_bio
Rádio Gospel Sobrenatural,Brasil • Português • Gospel Brasileira,Brazil,MG,gospel,https://stm9.brsrv.xyz:7444/stream?1771935464299,https://img.radios.com.br/radio/lg/radio147088_1770979244.png,https://sobrenatural.suawebradio.com/
Rádio Profecia Expresso,Brasil • Português • Gospel Brasileira,Brazil,MG,gospel,https://stm14.xcast.com.br:10110/;?1771935594982,https://img.radios.com.br/radio/lg/radio36252_1586963115.jpg,https://radioprofeciaexpressomg.blogspot.com/
Web Rádio Clamor da Terra,Brasil • Português • Gospel Brasileira,Brazil,MG,gospel,https://s32.maxcast.com.br:8150/live?1771935773037,https://img.radios.com.br/radio/lg/radio30392_1558439507.JPG,http://www.clamordaterra.com/
Nossa Rádio MEPB,Brasil • Português • Gospel Brasileira,Brazil,,gospel,http://s01.painelstream.net:8548/;,,https://nossaradiomepb.site.radio.br/index.php
Bíblia em Áudio Rádio Web,Brasil • Português • Gospel Brasileira,Brazil,Bahia,gospel,https://stm3.voxhd.com.br:8062/stream,,https://www.adoracaogospel.com/
Rádio Maanaim,Brasil • Português • Gospel Brasileira,Brazil,Espírito Santo,"evangélica,gospel",https://65492b4a9e231.streamlock.net/liverm/rmaac/playlist.m3u8,https://radiomaanaim.com.br/wp-content/uploads/2023/03/logo-maanaim.png.webp,https://radiomaanaim.com.br/
OverRock Rádio (Brasil),Brasil • Português • Gospel Brasileira,Brazil,,"christian rock,rock",http://streaming06.hstbr.net:8008/live,,http://overrock.mus.br/
Rádio Riacho FM - O Amor da Cidade,Brasil • Português • Gospel Brasileira,Brazil,Pernambuco,"brega,entrevistas,forro,funk,gospel,sertanejo,sertanejo raiz,soul",https://stm23.srvaudio.com.br:10974/stream,"https://static.wixstatic.com/media/443c81_68aa6bf99de4402e97e503f571bf5cf7%7Emv2.png/v1/fit/w_2500,h_1330,al_c/443c81_68aa6bf99de4402e97e503f571bf5cf7%7Emv2.png",https://www.radioriachofm.com/
Mais Fm Nova Serrana,Brasil • Português • Gospel Brasileira,Brazil,Minas Gerais,christian-gospel,https://live.paineldj.com.br/proxy/amigosfm?mp=/stream,,https://www.radios.com.br/aovivo/radio-mais-909-fm/24614#
Radio Advento - Londrina,Brasil • Português • Gospel Brasileira,Brazil,Parana,"comunitaria,gospel",https://9121.brasilstream.com.br/stream,,http://adventofm.com.br/
Rádio Gospel Jireh,Brasil • Português • Gospel Brasileira,Brazil,CE,gospel,https://stm9.xcast.com.br:9922/,,https://radiogospeljireh.com.br/
"Rádio Vinha FM 91,9",Brasil • Português • Gospel Brasileira,Brazil,Goias,gospel,http://streaming.vinhafm.com.br/stream,,https://www.vinhafm.com.br/
WebRadio Rama,Brasil • Português • Gospel Brasileira,Brazil,Rio de Janeiro,cristã,https://servidor32-5.brlogic.com:8464/live?source=website,https://public-rf-upload.minhawebradio.net/9162/mobileicon/a75c9d7bfcacdbf6d85c5d42bb741b6bx192.png,https://webradiorama.minhawebradio.net/
Rádio Evangelizar,Brasil • Português • Gospel Brasileira,Brazil,Curitiba Paraná,,https://8239.brasilstream.com.br/stream?origem=radios.com.br,,http://radioevangelizar.com.br/
Rádio Expressão e Louvor,Brasil • Português • Gospel Brasileira,Brazil,"Itarema, Ceará",gospel,http://stream-160.zeno.fm/mdyutdgx9u8uv?zt=eyJhbGciOiJIUzI1NiJ9.eyJzdHJlYW0iOiJtZHl1dGRneDl1OHV2IiwiaG9zdCI6InN0cmVhbS0xNjAuemVuby5mbSIsInRtIjpmYWxzZSwicnR0bCI6NSwianRpIjoiRUtwLVJqQ0xSX3laeElRcFpOaTVxdyIsImlhdCI6MTc2ODQ0OTM4MSwiZXhwIjoxNzY4NDQ5NDQxfQ.XOB8-Aj6Jc2Enj7-wCFHN7PUfXPlOxgYmKhaP-AO1kU,https://img.radios.com.br/radio/lg/radio196133_1664576466.jpg,https://webradioexpressaolouvo.hostadonai.com.br/
Rádio Elohim,Brasil • Português • Gospel Brasileira,Brazil,Rio de Janeiro,christian,https://servidor34-5.brlogic.com:8190/live,,https://webradioelohim.com/
Rede Resgate Fm,Brasil • Português • Gospel Brasileira,Brazil,São Paulo (SP),"gospel dance,gospel pop",https://stm9.xcast.com.br:12854/,,https://www.rederesgatefmonline.com.br/
Rádio Seara 102.7 FM,Brasil • Português • Gospel Brasileira,Brazil,Ceará,"cristã,gospel,religião",https://8396.brasilstream.com.br/stream?1781462749920,https://img.radios.com.br/radio/lg/radio22795_1758029484.png,https://radioseara.fm/
Rádio Teomidia English,Brasil • Português • Gospel Brasileira,Brazil,Sao Paulo,"contemporary christian,gospel",https://usa3.fastcast4u.com/proxy/atos420engl?mp=/1,https://img.radios.com.br/radio/lg/radio205348_1662632689.png,https://teomidia.radio.br/english/
Rádio Pão Diário,Brasil • Português • Gospel Brasileira,Brazil,Curitiba,gospel,https://servidor24.brlogic.com:8808/live,,https://paodiario.org.br/radio-pao-diario/
Radio Esperança,Brasil • Português • Gospel Brasileira,Brazil,SC,"christian-gospel,gospel,gospel music,música religiosa,religious",https://stm10.xcast.com.br:12112/,https://drive.google.com/file/d/1wLItN6713aEcU0oBswIQSKej6qEYpX70/view?usp=drivesdk,https://www.esperancaradio.com.br/
Rádio Nova Mensagem,Brasil • Português • Gospel Brasileira,Brazil,Sorocaba,gospel,https://appradio.app:8157/live,,https://www.novamensagem.com.br/
Rádio alô gospel,Brasil • Português • Gospel Brasileira,Brazil,,,https://grenal.audiostream.com.br:20000/aac,,https://grenal.audiostream.com.br:20000/aac
